[master 653e975] auto: 2026-06-28-12:29:56
 12 files changed, 211 insertions(+), 122 deletions(-)
 create mode 100644 sync.log
To https://github.com/LanRhyme/dotfiles.git
   4984c54..653e975  master -> master
[master fbcf454] auto: 2026-06-28-14:00:00
 10 files changed, 53 insertions(+), 62 deletions(-)
 rename dot_config/noctalia/{apply-morandi.sh => executable_apply-morandi.sh} (100%)
 mode change 100755 => 100644
 rename dot_config/noctalia/{morandi-gen.py => executable_morandi-gen.py} (100%)
 mode change 100755 => 100644
To https://github.com/LanRhyme/dotfiles.git
   efd46b5..fbcf454  master -> master
chezmoi: .config/kando: inconsistent state (/home/lanrhyme/.local/share/chezmoi/dot_config/kando, /home/lanrhyme/.local/share/chezmoi/dot_config/private_kando)
.config/kando/config.json: inconsistent state (/home/lanrhyme/.local/share/chezmoi/dot_config/kando/config.json, /home/lanrhyme/.local/share/chezmoi/dot_config/private_kando/config.json)
chezmoi: .config/kando: inconsistent state (/home/lanrhyme/.local/share/chezmoi/dot_config/kando, /home/lanrhyme/.local/share/chezmoi/dot_config/private_kando)
.config/kando/config.json: inconsistent state (/home/lanrhyme/.local/share/chezmoi/dot_config/kando/config.json, /home/lanrhyme/.local/share/chezmoi/dot_config/private_kando/config.json)
chezmoi: .config/kando: inconsistent state (/home/lanrhyme/.local/share/chezmoi/dot_config/kando, /home/lanrhyme/.local/share/chezmoi/dot_config/private_kando)
.config/kando/config.json: inconsistent state (/home/lanrhyme/.local/share/chezmoi/dot_config/kando/config.json, /home/lanrhyme/.local/share/chezmoi/dot_config/private_kando/config.json)
[master e078526] auto: 2026-06-29-00:57:40
 104 files changed, 881 insertions(+), 452 deletions(-)
 create mode 100644 dot_config/nvim/colors/morandi.lua
 create mode 100644 dot_config/nvim/lua/plugins/cursor.lua
 create mode 100644 dot_config/nvim/lua/plugins/themes/morandi/init.lua
 rename dot_config/{private_kando => private_kando_backup}/.keep (100%)
 rename dot_config/{private_kando => private_kando_backup}/README.md (100%)
 rename dot_config/{private_kando => private_kando_backup}/achievements.json (100%)
 rename dot_config/{private_kando => private_kando_backup}/config.json (100%)
 rename dot_config/{private_kando => private_kando_backup}/electron-flags.conf (100%)
 rename dot_config/{private_kando => private_kando_backup}/icon-themes/.keep (100%)
 rename dot_config/{private_kando => private_kando_backup}/ipc-info.json (100%)
 rename dot_config/{private_kando => private_kando_backup}/menu-themes/.keep (100%)
 rename dot_config/{private_kando => private_kando_backup}/menus.json (100%)
 rename dot_config/{private_kando => private_kando_backup}/private_session/private_Cache/private_Cache_Data/private_5283edf90cf4ab50_0 (100%)
 rename dot_config/{private_kando => private_kando_backup}/private_session/private_Cache/private_Cache_Data/private_8781b6b3d8a0b101_0 (100%)
 rename dot_config/{private_kando => private_kando_backup}/private_session/private_Cache/private_Cache_Data/private_index (100%)
 rename dot_config/{private_kando => private_kando_backup}/private_session/private_Cache/private_Cache_Data/private_index-dir/private_the-real-index (100%)
 rename dot_config/{private_kando => private_kando_backup}/private_session/private_Cache/private_No_Vary_Search/private_journal.baj (100%)
 rename dot_config/{private_kando => private_kando_backup}/private_session/private_Cache/private_No_Vary_Search/private_snapshot.baf (100%)
 rename dot_config/{private_kando => private_kando_backup}/private_session/private_Code Cache/private_js/private_index (100%)
 rename dot_config/{private_kando => private_kando_backup}/private_session/private_Code Cache/private_js/private_index-dir/private_the-real-index (100%)
 rename dot_config/{private_kando => private_kando_backup}/private_session/private_Code Cache/private_wasm/private_index (100%)
 rename dot_config/{private_kando => private_kando_backup}/private_session/private_Code Cache/private_wasm/private_index-dir/private_the-real-index (100%)
 rename dot_config/{private_kando => private_kando_backup}/private_session/private_Cookies (100%)
 rename dot_config/{private_kando => private_kando_backup}/private_session/private_DIPS (100%)
 rename dot_config/{private_kando => private_kando_backup}/private_session/private_DIPS-wal (100%)
 rename dot_config/{private_kando => private_kando_backup}/private_session/private_DawnGraphiteCache/private_data_0 (100%)
 rename dot_config/{private_kando => private_kando_backup}/private_session/private_DawnGraphiteCache/private_data_1 (100%)
 rename dot_config/{private_kando => private_kando_backup}/private_session/private_DawnGraphiteCache/private_data_2 (100%)
 rename dot_config/{private_kando => private_kando_backup}/private_session/private_DawnGraphiteCache/private_data_3 (100%)
 rename dot_config/{private_kando => private_kando_backup}/private_session/private_DawnGraphiteCache/private_index (100%)
 rename dot_config/{private_kando => private_kando_backup}/private_session/private_DawnWebGPUCache/private_data_0 (100%)
 rename dot_config/{private_kando => private_kando_backup}/private_session/private_DawnWebGPUCache/private_data_1 (100%)
 rename dot_config/{private_kando => private_kando_backup}/private_session/private_DawnWebGPUCache/private_data_2 (100%)
 rename dot_config/{private_kando => private_kando_backup}/private_session/private_DawnWebGPUCache/private_data_3 (100%)
 rename dot_config/{private_kando => private_kando_backup}/private_session/private_DawnWebGPUCache/private_index (100%)
 rename dot_config/{private_kando => private_kando_backup}/private_session/private_Dictionaries/en-US-10-1.bdic (100%)
 rename dot_config/{private_kando => private_kando_backup}/private_session/private_GPUCache/private_data_0 (100%)
 rename dot_config/{private_kando => private_kando_backup}/private_session/private_GPUCache/private_data_1 (100%)
 rename dot_config/{private_kando => private_kando_backup}/private_session/private_GPUCache/private_data_2 (100%)
 rename dot_config/{private_kando => private_kando_backup}/private_session/private_GPUCache/private_data_3 (100%)
 rename dot_config/{private_kando => private_kando_backup}/private_session/private_GPUCache/private_index (100%)
 rename dot_config/{private_kando => private_kando_backup}/private_session/private_Local State (100%)
 rename dot_config/{private_kando => private_kando_backup}/private_session/private_Local Storage/private_leveldb/private_000003.log (100%)
 rename dot_config/{private_kando => private_kando_backup}/private_session/private_Local Storage/private_leveldb/private_CURRENT (100%)
 rename dot_config/{private_kando => private_kando_backup}/private_session/private_Local Storage/private_leveldb/private_LOG (100%)
 rename dot_config/{private_kando => private_kando_backup}/private_session/private_Local Storage/private_leveldb/private_LOG.old (100%)
 rename dot_config/{private_kando => private_kando_backup}/private_session/private_Local Storage/private_leveldb/private_MANIFEST-000001 (100%)
 rename dot_config/{private_kando => private_kando_backup}/private_session/private_Local Storage/private_leveldb/private_empty_LOCK (100%)
 rename dot_config/{private_kando => private_kando_backup}/private_session/private_Network Persistent State (100%)
 rename dot_config/{private_kando => private_kando_backup}/private_session/private_Preferences (100%)
 rename dot_config/{private_kando => private_kando_backup}/private_session/private_Session Storage/private_000003.log (100%)
 rename dot_config/{private_kando => private_kando_backup}/private_session/private_Session Storage/private_CURRENT (100%)
 rename dot_config/{private_kando => private_kando_backup}/private_session/private_Session Storage/private_LOG (100%)
 rename dot_config/{private_kando => private_kando_backup}/private_session/private_Session Storage/private_LOG.old (100%)
 rename dot_config/{private_kando => private_kando_backup}/private_session/private_Session Storage/private_MANIFEST-000001 (100%)
 rename dot_config/{private_kando => private_kando_backup}/private_session/private_Session Storage/private_empty_LOCK (100%)
 rename dot_config/{private_kando => private_kando_backup}/private_session/private_Shared Dictionary/private_cache/private_index (100%)
 rename dot_config/{private_kando => private_kando_backup}/private_session/private_Shared Dictionary/private_cache/private_index-dir/private_the-real-index (100%)
 rename dot_config/{private_kando => private_kando_backup}/private_session/private_Shared Dictionary/private_db (100%)
 rename dot_config/{private_kando => private_kando_backup}/private_session/private_Shared Dictionary/private_empty_db-journal (100%)
 rename dot_config/{private_kando => private_kando_backup}/private_session/private_SharedStorage (100%)
 rename dot_config/{private_kando => private_kando_backup}/private_session/private_Trust Tokens (100%)
 rename dot_config/{private_kando => private_kando_backup}/private_session/private_VideoDecodeStats/private_empty_LOCK (100%)
 rename dot_config/{private_kando => private_kando_backup}/private_session/private_VideoDecodeStats/private_empty_LOG (100%)
 rename dot_config/{private_kando => private_kando_backup}/private_session/private_VideoDecodeStats/private_empty_LOG.old (100%)
 rename dot_config/{private_kando => private_kando_backup}/private_session/private_blob_storage/private_a1e48929-524c-4c7e-9a9a-5ab4f47ab4ac/.keep (100%)
 rename dot_config/{private_kando => private_kando_backup}/private_session/private_empty_Cookies-journal (100%)
 rename dot_config/{private_kando => private_kando_backup}/private_session/private_empty_SharedStorage-wal (100%)
 rename dot_config/{private_kando => private_kando_backup}/private_session/private_empty_Trust Tokens-journal (100%)
 rename dot_config/{private_kando => private_kando_backup}/private_session/private_logs/.keep (100%)
 rename dot_config/{private_kando => private_kando_backup}/private_session/private_shared_proto_db/private_000003.log (100%)
 rename dot_config/{private_kando => private_kando_backup}/private_session/private_shared_proto_db/private_CURRENT (100%)
 rename dot_config/{private_kando => private_kando_backup}/private_session/private_shared_proto_db/private_LOG (100%)
 rename dot_config/{private_kando => private_kando_backup}/private_session/private_shared_proto_db/private_LOG.old (100%)
 rename dot_config/{private_kando => private_kando_backup}/private_session/private_shared_proto_db/private_MANIFEST-000001 (100%)
 rename dot_config/{private_kando => private_kando_backup}/private_session/private_shared_proto_db/private_empty_LOCK (100%)
 rename dot_config/{private_kando => private_kando_backup}/private_session/private_shared_proto_db/private_metadata/private_000003.log (100%)
 rename dot_config/{private_kando => private_kando_backup}/private_session/private_shared_proto_db/private_metadata/private_CURRENT (100%)
 rename dot_config/{private_kando => private_kando_backup}/private_session/private_shared_proto_db/private_metadata/private_LOG (100%)
 rename dot_config/{private_kando => private_kando_backup}/private_session/private_shared_proto_db/private_metadata/private_LOG.old (100%)
 rename dot_config/{private_kando => private_kando_backup}/private_session/private_shared_proto_db/private_metadata/private_MANIFEST-000001 (100%)
 rename dot_config/{private_kando => private_kando_backup}/private_session/private_shared_proto_db/private_metadata/private_empty_LOCK (100%)
 rename dot_config/{private_kando => private_kando_backup}/sound-themes/.keep (100%)
致命错误：无法访问 'https://github.com/LanRhyme/dotfiles.git/'：TLS connect error: error:0A000126:SSL routines::unexpected eof while reading
[master c94777f] auto: 2026-06-29-10:00:01
 1 file changed, 86 insertions(+)
To https://github.com/LanRhyme/dotfiles.git
   e078526..c94777f  master -> master
[master 71b0e41] auto: 2026-06-29-14:00:02
 7 files changed, 35 insertions(+), 11 deletions(-)
To https://github.com/LanRhyme/dotfiles.git
   c94777f..71b0e41  master -> master
[master 1ea7b3d] auto: 2026-06-29-16:00:01
 4 files changed, 82 insertions(+), 33 deletions(-)
To https://github.com/LanRhyme/dotfiles.git
   d4192c6..1ea7b3d  master -> master
[master 9c97aad] auto: 2026-06-29-20:00:01
 4 files changed, 43 insertions(+), 33 deletions(-)
To https://github.com/LanRhyme/dotfiles.git
   1ea7b3d..9c97aad  master -> master
[master db64664] auto: 2026-06-29-22:00:01
 2 files changed, 99 insertions(+), 82 deletions(-)
To https://github.com/LanRhyme/dotfiles.git
   9c97aad..db64664  master -> master
[master 1d05244] auto: 2026-06-30-00:00:00
 1 file changed, 4 insertions(+)
致命错误：无法访问 'https://github.com/LanRhyme/dotfiles.git/'：OpenSSL SSL_read: OpenSSL/3.6.3: error:0A000126:SSL routines::unexpected eof while reading, errno 0
[master b591adb] auto: 2026-06-30-10:00:01
 1 file changed, 3 insertions(+)
To https://github.com/LanRhyme/dotfiles.git
   db64664..b591adb  master -> master
[master ac03f97] auto: 2026-06-30-12:00:00
 3 files changed, 103 insertions(+), 87 deletions(-)
To https://github.com/LanRhyme/dotfiles.git
   f31dee3..ac03f97  master -> master
[master 8ed00b1] auto: 2026-06-30-14:00:01
 2 files changed, 7 insertions(+), 7 deletions(-)
 rename dot_config/{kdenliverc => private_kdenliverc} (100%)
To https://github.com/LanRhyme/dotfiles.git
   3431e22..8ed00b1  master -> master
chezmoi: .config/noctalia/morandi-gen.py: inconsistent state (/home/lanrhyme/.local/share/chezmoi/dot_config/noctalia/executable_morandi-gen.py, /home/lanrhyme/.local/share/chezmoi/dot_config/noctalia/morandi-gen.py)
chezmoi: .config/noctalia/morandi-gen.py: inconsistent state (/home/lanrhyme/.local/share/chezmoi/dot_config/noctalia/executable_morandi-gen.py, /home/lanrhyme/.local/share/chezmoi/dot_config/noctalia/morandi-gen.py)
[master face9ca] auto: 2026-06-30-20:19:18
 15 files changed, 433 insertions(+), 612 deletions(-)
 create mode 100644 dot_config/Kvantum/kvantum.kvconfig
 create mode 100644 dot_config/blender/5.1/config/platform_support.txt
 create mode 100644 dot_config/blender/5.1/config/userpref.blend
 create mode 100644 dot_config/btop/themes/noctalia.theme
 create mode 100644 dot_config/fastfetch/executable_avatar.png
 create mode 100644 dot_config/gtk-3.0/gtk.css
 create mode 100644 dot_config/gtk-3.0/noctalia.css
 create mode 100644 dot_config/gtk-4.0/gtk.css
 create mode 100644 dot_config/gtk-4.0/noctalia.css
 create mode 100644 dot_config/kando/electron-flags.conf
 create mode 100644 dot_config/kando/menus.json
 delete mode 100644 dot_config/noctalia/executable_morandi-gen.py
 mode change 100755 => 100644 dot_config/noctalia/morandi-gen.py
 create mode 100644 dot_config/private_gpu-screen-recorder/empty_restore_token
To https://github.com/LanRhyme/dotfiles.git
   8098efe..face9ca  master -> master
[master 9d2c6b2] auto: 2026-06-30-20:52:48
 8 files changed, 82 insertions(+), 336 deletions(-)
To https://github.com/LanRhyme/dotfiles.git
   face9ca..9d2c6b2  master -> master
[master 531fe9c] auto: 2026-06-30-21:16:24
 2 files changed, 5 insertions(+), 1 deletion(-)
To https://github.com/LanRhyme/dotfiles.git
   9d2c6b2..531fe9c  master -> master
[master 23eae76] auto: 2026-06-30-21:23:05
 2 files changed, 25 insertions(+), 15 deletions(-)
To https://github.com/LanRhyme/dotfiles.git
   531fe9c..23eae76  master -> master
[master 12dd1a3] auto: 2026-06-30-21:30:20
 2 files changed, 10 insertions(+), 8 deletions(-)
To https://github.com/LanRhyme/dotfiles.git
   23eae76..12dd1a3  master -> master
[master eafcad0] auto: 2026-06-30-21:36:37
 2 files changed, 5 insertions(+), 40 deletions(-)
To https://github.com/LanRhyme/dotfiles.git
   12dd1a3..eafcad0  master -> master
[master 1e6a485] auto: 2026-06-30-21:43:05
 2 files changed, 29 insertions(+)
To https://github.com/LanRhyme/dotfiles.git
   eafcad0..1e6a485  master -> master
[master 98acfb1] auto: 2026-06-30-21:54:20
 2 files changed, 5 insertions(+), 1 deletion(-)
To https://github.com/LanRhyme/dotfiles.git
   1e6a485..98acfb1  master -> master
[master cdbd844] auto: 2026-06-30-21:59:02
 2 files changed, 5 insertions(+), 21 deletions(-)
To https://github.com/LanRhyme/dotfiles.git
   98acfb1..cdbd844  master -> master
[master 042324c] auto: 2026-06-30-22:00:00
 1 file changed, 4 insertions(+)
To https://github.com/LanRhyme/dotfiles.git
   cdbd844..042324c  master -> master
[master fe133bf] auto: 2026-06-30-22:00:26
 2 files changed, 29 insertions(+)
To https://github.com/LanRhyme/dotfiles.git
   042324c..fe133bf  master -> master
[master 90eecf0] auto: 2026-06-30-22:04:37
 2 files changed, 5 insertions(+), 1 deletion(-)
To https://github.com/LanRhyme/dotfiles.git
   fe133bf..90eecf0  master -> master
[master c30973b] auto: 2026-06-30-22:07:16
 3 files changed, 64 insertions(+)
 create mode 100644 AGENTS.md
 create mode 100644 agent.md
To https://github.com/LanRhyme/dotfiles.git
   90eecf0..c30973b  master -> master
[master a455c40] auto: 2026-06-30-22:10:43
 1 file changed, 6 insertions(+)
To https://github.com/LanRhyme/dotfiles.git
   c30973b..a455c40  master -> master
[master 6728108] auto: 2026-06-30-22:15:07
 3 files changed, 23 insertions(+)
 create mode 100644 MEMORY.md
To https://github.com/LanRhyme/dotfiles.git
   a455c40..6728108  master -> master
[master 960d0f9] auto: 2026-06-30-22:17:10
 3 files changed, 19 insertions(+), 14 deletions(-)
To https://github.com/LanRhyme/dotfiles.git
   6728108..960d0f9  master -> master
[master e4b8207] auto: 2026-06-30-22:26:10
 2 files changed, 88 insertions(+), 3 deletions(-)
To https://github.com/LanRhyme/dotfiles.git
   960d0f9..e4b8207  master -> master
[master 21e96aa] auto: 2026-06-30-22:29:03
 2 files changed, 6 insertions(+), 2 deletions(-)
To https://github.com/LanRhyme/dotfiles.git
   e4b8207..21e96aa  master -> master
[master 429f5ae] auto: 2026-06-30-22:31:41
 2 files changed, 11 insertions(+)
To https://github.com/LanRhyme/dotfiles.git
   21e96aa..429f5ae  master -> master
[master c737e23] auto: 2026-06-30-22:35:27
 2 files changed, 22 insertions(+), 11 deletions(-)
To https://github.com/LanRhyme/dotfiles.git
   429f5ae..c737e23  master -> master
[master 1e5dd19] auto: 2026-06-30-22:38:23
 2 files changed, 26 insertions(+)
To https://github.com/LanRhyme/dotfiles.git
   c737e23..1e5dd19  master -> master
[master 7a37ea5] auto: 2026-06-30-22:41:36
 2 files changed, 43 insertions(+)
To https://github.com/LanRhyme/dotfiles.git
   1e5dd19..7a37ea5  master -> master
[master 6993038] auto: 2026-06-30-22:44:11
 2 files changed, 16 insertions(+), 12 deletions(-)
To https://github.com/LanRhyme/dotfiles.git
   7a37ea5..6993038  master -> master
[master 2070ead] auto: 2026-07-24-12:00:01
 3 files changed, 58 insertions(+), 4 deletions(-)
To https://github.com/LanRhyme/dotfiles.git
   414f5e4..2070ead  master -> master
[master f6b3a2b] auto: 2026-07-26-22:00:00
 1 file changed, 20 insertions(+), 19 deletions(-)
To https://github.com/LanRhyme/dotfiles.git
   c4e199e..f6b3a2b  master -> master
[master a899437] auto: 2026-07-27-02:00:01
 4 files changed, 34 insertions(+), 36 deletions(-)
To https://github.com/LanRhyme/dotfiles.git
   f6b3a2b..a899437  master -> master
[master 5e05f00] auto: 2026-07-27-10:00:00
 2 files changed, 21 insertions(+), 17 deletions(-)
To https://github.com/LanRhyme/dotfiles.git
   a899437..5e05f00  master -> master
[master 15c4c37] auto: 2026-07-27-12:00:00
 2 files changed, 22 insertions(+), 9 deletions(-)
To https://github.com/LanRhyme/dotfiles.git
   5e05f00..15c4c37  master -> master
[master 742eed9] auto: 2026-07-27-13:02:05
 2 files changed, 8 insertions(+), 4 deletions(-)
To https://github.com/LanRhyme/dotfiles.git
   15c4c37..742eed9  master -> master
[master 01f63a8] auto: 2026-07-27-20:00:01
 1 file changed, 4 insertions(+)
To https://github.com/LanRhyme/dotfiles.git
   742eed9..01f63a8  master -> master
[master fb6a94e] auto: 2026-07-27-22:00:01
 2 files changed, 8 insertions(+), 4 deletions(-)
To https://github.com/LanRhyme/dotfiles.git
   01f63a8..fb6a94e  master -> master
[master 1a35413] auto: 2026-07-27-22:20:27
 2 files changed, 6 insertions(+), 2 deletions(-)
To https://github.com/LanRhyme/dotfiles.git
   fb6a94e..1a35413  master -> master
[master 5e44e92] auto: 2026-07-27-22:46:34
 2 files changed, 80 insertions(+), 76 deletions(-)
To https://github.com/LanRhyme/dotfiles.git
   1a35413..5e44e92  master -> master
[master 0bd4633] auto: 2026-07-28-00:00:01
 2 files changed, 95 insertions(+), 91 deletions(-)
To https://github.com/LanRhyme/dotfiles.git
   5e44e92..0bd4633  master -> master
[master 8a40de1] auto: 2026-07-28-10:00:00
 2 files changed, 5 insertions(+), 1 deletion(-)
致命错误：无法访问 'https://github.com/LanRhyme/dotfiles.git/'：OpenSSL SSL_read: OpenSSL/3.6.3: error:0A000126:SSL routines::unexpected eof while reading, errno 0
[master 3c0bc8c] auto: 2026-07-28-17:49:20
 2 files changed, 7 insertions(+), 4 deletions(-)
To https://github.com/LanRhyme/dotfiles.git
   0bd4633..3c0bc8c  master -> master
[master 0eea891] auto: 2026-07-28-18:00:01
 1 file changed, 4 insertions(+)
To https://github.com/LanRhyme/dotfiles.git
   3c0bc8c..0eea891  master -> master
[master 82097d3] auto: 2026-07-28-20:00:00
 1 file changed, 4 insertions(+)
To https://github.com/LanRhyme/dotfiles.git
   0eea891..82097d3  master -> master
[master af207e3] auto: 2026-07-28-20:31:19
 1 file changed, 4 insertions(+)
To https://github.com/LanRhyme/dotfiles.git
   82097d3..af207e3  master -> master
[master 03c1cf1] auto: 2026-07-29-10:00:01
 3 files changed, 6 insertions(+)
To https://github.com/LanRhyme/dotfiles.git
   af207e3..03c1cf1  master -> master
[master f9513af] auto: 2026-07-29-20:00:01
 2 files changed, 7 insertions(+), 3 deletions(-)
To https://github.com/LanRhyme/dotfiles.git
   03c1cf1..f9513af  master -> master
[master 03d22ce] auto: 2026-07-29-22:00:01
 2 files changed, 20 insertions(+), 4 deletions(-)
To https://github.com/LanRhyme/dotfiles.git
   f9513af..03d22ce  master -> master
[master 1b99720] auto: 2026-07-29-22:53:41
 3 files changed, 15 insertions(+), 11 deletions(-)
To https://github.com/LanRhyme/dotfiles.git
   03d22ce..1b99720  master -> master
[master e41f451] auto: 2026-07-29-23:36:00
 2 files changed, 28 insertions(+), 24 deletions(-)
To https://github.com/LanRhyme/dotfiles.git
   1b99720..e41f451  master -> master
[master 605eb9c] auto: 2026-07-29-23:38:07
 2 files changed, 5 insertions(+), 1 deletion(-)
To https://github.com/LanRhyme/dotfiles.git
   e41f451..605eb9c  master -> master
[master 84e7c7b] auto: 2026-07-30-17:06:31
 2 files changed, 11 insertions(+), 7 deletions(-)
To https://github.com/LanRhyme/dotfiles.git
   605eb9c..84e7c7b  master -> master
[master e71fa18] auto: 2026-07-30-17:08:14
 2 files changed, 20 insertions(+), 16 deletions(-)
To https://github.com/LanRhyme/dotfiles.git
   84e7c7b..e71fa18  master -> master
[master d39d576] auto: 2026-07-30-17:10:22
 1 file changed, 4 insertions(+)
To https://github.com/LanRhyme/dotfiles.git
   e71fa18..d39d576  master -> master
[master 5074bf3] auto: 2026-07-30-17:13:17
 1 file changed, 4 insertions(+)
To https://github.com/LanRhyme/dotfiles.git
   d39d576..5074bf3  master -> master
[master cb2791f] auto: 2026-07-30-17:29:36
 3 files changed, 11 insertions(+), 2 deletions(-)
To https://github.com/LanRhyme/dotfiles.git
   5074bf3..cb2791f  master -> master
[master 9faab8a] auto: 2026-07-30-17:33:43
 2 files changed, 6 insertions(+), 2 deletions(-)
To https://github.com/LanRhyme/dotfiles.git
   cb2791f..9faab8a  master -> master
[master 4134405] auto: 2026-07-30-17:40:18
 2 files changed, 5 insertions(+), 1 deletion(-)
To https://github.com/LanRhyme/dotfiles.git
   9faab8a..4134405  master -> master
[master 1871b81] auto: 2026-07-30-17:44:59
 2 files changed, 12 insertions(+), 8 deletions(-)
To https://github.com/LanRhyme/dotfiles.git
   4134405..1871b81  master -> master
[master a772d68] auto: 2026-07-30-17:46:24
 1 file changed, 4 insertions(+)
To https://github.com/LanRhyme/dotfiles.git
   1871b81..a772d68  master -> master
[master 9fd185a] auto: 2026-07-30-17:49:24
 2 files changed, 12 insertions(+), 8 deletions(-)
To https://github.com/LanRhyme/dotfiles.git
   a772d68..9fd185a  master -> master
[master 464fd0c] auto: 2026-07-30-18:00:00
 1 file changed, 4 insertions(+)
To https://github.com/LanRhyme/dotfiles.git
   9fd185a..464fd0c  master -> master
[master 0c588b9] auto: 2026-07-30-20:00:00
 1 file changed, 4 insertions(+)
To https://github.com/LanRhyme/dotfiles.git
   464fd0c..0c588b9  master -> master
[master bed91eb] auto: 2026-07-30-20:48:28
 1 file changed, 4 insertions(+)
To https://github.com/LanRhyme/dotfiles.git
   0c588b9..bed91eb  master -> master
[master 7c7e048] auto: 2026-07-30-20:50:25
 1 file changed, 4 insertions(+)
To https://github.com/LanRhyme/dotfiles.git
   bed91eb..7c7e048  master -> master
[master 4ead656] auto: 2026-07-30-20:53:00
 1 file changed, 4 insertions(+)
To https://github.com/LanRhyme/dotfiles.git
   7c7e048..4ead656  master -> master
[master 6121c6b] auto: 2026-07-30-20:54:29
 1 file changed, 4 insertions(+)
To https://github.com/LanRhyme/dotfiles.git
   4ead656..6121c6b  master -> master
[master dcb9534] auto: 2026-07-30-20:58:44
 1 file changed, 4 insertions(+)
To https://github.com/LanRhyme/dotfiles.git
   6121c6b..dcb9534  master -> master
[master 940cec4] auto: 2026-07-30-21:03:52
 1 file changed, 4 insertions(+)
To https://github.com/LanRhyme/dotfiles.git
   dcb9534..940cec4  master -> master
[master 52a2810] auto: 2026-07-30-21:08:12
 1 file changed, 4 insertions(+)
To https://github.com/LanRhyme/dotfiles.git
   940cec4..52a2810  master -> master
[master 97a813a] auto: 2026-07-30-21:09:27
 1 file changed, 4 insertions(+)
To https://github.com/LanRhyme/dotfiles.git
   52a2810..97a813a  master -> master
[master cb22a72] auto: 2026-07-30-21:10:58
 1 file changed, 4 insertions(+)
To https://github.com/LanRhyme/dotfiles.git
   97a813a..cb22a72  master -> master
[master e0399e3] auto: 2026-07-30-21:12:03
 1 file changed, 4 insertions(+)
To https://github.com/LanRhyme/dotfiles.git
   cb22a72..e0399e3  master -> master
[master 26bb32c] auto: 2026-07-30-21:14:49
 1 file changed, 4 insertions(+)
To https://github.com/LanRhyme/dotfiles.git
   e0399e3..26bb32c  master -> master
[master 0b60dd8] auto: 2026-07-30-21:21:43
 1 file changed, 4 insertions(+)
To https://github.com/LanRhyme/dotfiles.git
   26bb32c..0b60dd8  master -> master
[master 2abfb65] auto: 2026-07-30-21:24:27
 1 file changed, 4 insertions(+)
To https://github.com/LanRhyme/dotfiles.git
   0b60dd8..2abfb65  master -> master
[master ce9115d] auto: 2026-07-30-21:25:32
 1 file changed, 4 insertions(+)
To https://github.com/LanRhyme/dotfiles.git
   2abfb65..ce9115d  master -> master
[master 20c7e98] auto: 2026-07-30-21:27:47
 1 file changed, 4 insertions(+)
To https://github.com/LanRhyme/dotfiles.git
   ce9115d..20c7e98  master -> master
[master 7c160b6] auto: 2026-07-30-21:28:36
 1 file changed, 4 insertions(+)
To https://github.com/LanRhyme/dotfiles.git
   20c7e98..7c160b6  master -> master
[master 94c70a5] auto: 2026-07-30-21:30:06
 1 file changed, 4 insertions(+)
To https://github.com/LanRhyme/dotfiles.git
   7c160b6..94c70a5  master -> master
[master 62f0101] auto: 2026-07-30-21:31:14
 1 file changed, 4 insertions(+)
To https://github.com/LanRhyme/dotfiles.git
   94c70a5..62f0101  master -> master
[master 3e52d98] auto: 2026-07-30-21:32:30
 1 file changed, 4 insertions(+)
To https://github.com/LanRhyme/dotfiles.git
   62f0101..3e52d98  master -> master
[master 39930e7] auto: 2026-07-30-21:34:16
 1 file changed, 4 insertions(+)
To https://github.com/LanRhyme/dotfiles.git
   3e52d98..39930e7  master -> master
[master 87107d6] auto: 2026-07-30-21:37:41
 1 file changed, 4 insertions(+)
To https://github.com/LanRhyme/dotfiles.git
   39930e7..87107d6  master -> master
[master 23b8069] auto: 2026-07-30-21:38:55
 1 file changed, 4 insertions(+)
To https://github.com/LanRhyme/dotfiles.git
   87107d6..23b8069  master -> master
[master b691a4e] auto: 2026-07-30-21:40:35
 1 file changed, 4 insertions(+)
To https://github.com/LanRhyme/dotfiles.git
   23b8069..b691a4e  master -> master
[master 0f6f6b0] auto: 2026-07-30-21:42:30
 1 file changed, 4 insertions(+)
To https://github.com/LanRhyme/dotfiles.git
   b691a4e..0f6f6b0  master -> master
[master d4ca7b6] auto: 2026-07-30-21:59:59
 1 file changed, 4 insertions(+)
[master eaf3c72] auto: 2026-07-30-22:00:00
 1 file changed, 2 insertions(+)
To https://github.com/LanRhyme/dotfiles.git
   0f6f6b0..eaf3c72  master -> master
To https://github.com/LanRhyme/dotfiles.git
 ! [remote rejected] master -> master (cannot lock ref 'refs/heads/master': is at eaf3c7224f4567be9686be7ffc540eef0611917b but expected 0f6f6b012da88cc48f7fe7ff2c9e3a940177ab9b)
错误：无法推送一些引用到 'https://github.com/LanRhyme/dotfiles.git'
[master e1e15eb] auto: 2026-07-30-22:01:31
 1 file changed, 7 insertions(+)
To https://github.com/LanRhyme/dotfiles.git
   eaf3c72..e1e15eb  master -> master
[master 20efb5f] auto: 2026-07-30-22:04:30
 1 file changed, 4 insertions(+)
To https://github.com/LanRhyme/dotfiles.git
   e1e15eb..20efb5f  master -> master
[master 106227f] auto: 2026-07-30-22:06:13
 1 file changed, 4 insertions(+)
To https://github.com/LanRhyme/dotfiles.git
   20efb5f..106227f  master -> master
[master 3655b9a] auto: 2026-07-30-22:09:19
 1 file changed, 4 insertions(+)
To https://github.com/LanRhyme/dotfiles.git
   106227f..3655b9a  master -> master
[master 5a4eef6] auto: 2026-07-30-22:11:19
 1 file changed, 4 insertions(+)
To https://github.com/LanRhyme/dotfiles.git
   3655b9a..5a4eef6  master -> master
[master 130c0c6] auto: 2026-07-30-22:13:17
 2 files changed, 5 insertions(+), 1 deletion(-)
To https://github.com/LanRhyme/dotfiles.git
   5a4eef6..130c0c6  master -> master
[master 9483dbb] auto: 2026-07-30-22:13:40
 3 files changed, 95 insertions(+), 32 deletions(-)
To https://github.com/LanRhyme/dotfiles.git
   130c0c6..9483dbb  master -> master
[master 24d9b37] auto: 2026-07-30-22:14:25
 2 files changed, 5 insertions(+)
To https://github.com/LanRhyme/dotfiles.git
   9483dbb..24d9b37  master -> master
[master 076327c] auto: 2026-07-30-22:16:37
 2 files changed, 7 insertions(+)
To https://github.com/LanRhyme/dotfiles.git
   24d9b37..076327c  master -> master
[master 96af929] auto: 2026-07-30-22:16:51
 1 file changed, 4 insertions(+)
To https://github.com/LanRhyme/dotfiles.git
   076327c..96af929  master -> master
[master 1f23cd2] auto: 2026-07-30-22:20:11
 2 files changed, 5 insertions(+), 1 deletion(-)
To https://github.com/LanRhyme/dotfiles.git
   96af929..1f23cd2  master -> master
[master 98e365d] auto: 2026-07-30-22:30:35
 2 files changed, 10 insertions(+), 6 deletions(-)
To https://github.com/LanRhyme/dotfiles.git
   1f23cd2..98e365d  master -> master
[master 2160024] auto: 2026-07-30-22:32:53
 1 file changed, 4 insertions(+)
To https://github.com/LanRhyme/dotfiles.git
   98e365d..2160024  master -> master
[master 9854f1b] auto: 2026-07-30-22:35:53
 2 files changed, 10 insertions(+), 6 deletions(-)
To https://github.com/LanRhyme/dotfiles.git
   2160024..9854f1b  master -> master
[master da332af] auto: 2026-07-30-22:38:20
 2 files changed, 10 insertions(+), 6 deletions(-)
To https://github.com/LanRhyme/dotfiles.git
   9854f1b..da332af  master -> master
[master 20e99ec] auto: 2026-07-30-22:43:56
 2 files changed, 12 insertions(+), 8 deletions(-)
To https://github.com/LanRhyme/dotfiles.git
   da332af..20e99ec  master -> master
[master a0f8ee2] auto: 2026-07-30-22:46:54
 2 files changed, 10 insertions(+), 6 deletions(-)
To https://github.com/LanRhyme/dotfiles.git
   20e99ec..a0f8ee2  master -> master
[master b01e7e1] auto: 2026-07-30-22:52:04
 2 files changed, 15 insertions(+), 11 deletions(-)
To https://github.com/LanRhyme/dotfiles.git
   a0f8ee2..b01e7e1  master -> master
[master 3eac15c] auto: 2026-07-30-22:56:15
 2 files changed, 15 insertions(+), 11 deletions(-)
To https://github.com/LanRhyme/dotfiles.git
   b01e7e1..3eac15c  master -> master
[master c7519fc] auto: 2026-07-30-22:57:18
 2 files changed, 9 insertions(+), 5 deletions(-)
To https://github.com/LanRhyme/dotfiles.git
   3eac15c..c7519fc  master -> master
[master 259101d] auto: 2026-07-30-22:57:48
 1 file changed, 4 insertions(+)
To https://github.com/LanRhyme/dotfiles.git
   c7519fc..259101d  master -> master
[master 782170f] auto: 2026-07-30-23:01:58
 2 files changed, 6 insertions(+), 2 deletions(-)
To https://github.com/LanRhyme/dotfiles.git
   259101d..782170f  master -> master
[master 4193a82] auto: 2026-07-30-23:08:32
 2 files changed, 18 insertions(+), 14 deletions(-)
To https://github.com/LanRhyme/dotfiles.git
   782170f..4193a82  master -> master
[master 6a29a24] auto: 2026-07-30-23:10:41
 2 files changed, 11 insertions(+), 7 deletions(-)
To https://github.com/LanRhyme/dotfiles.git
   4193a82..6a29a24  master -> master
[master d0a087a] auto: 2026-07-30-23:12:53
 2 files changed, 11 insertions(+), 7 deletions(-)
To https://github.com/LanRhyme/dotfiles.git
   6a29a24..d0a087a  master -> master
[master d8fab2c] auto: 2026-07-30-23:15:34
 2 files changed, 15 insertions(+), 11 deletions(-)
To https://github.com/LanRhyme/dotfiles.git
   d0a087a..d8fab2c  master -> master
[master c507522] auto: 2026-07-30-23:19:59
 2 files changed, 6 insertions(+), 2 deletions(-)
To https://github.com/LanRhyme/dotfiles.git
   d8fab2c..c507522  master -> master
[master c145ec9] auto: 2026-07-30-23:23:48
 2 files changed, 15 insertions(+), 11 deletions(-)
To https://github.com/LanRhyme/dotfiles.git
   c507522..c145ec9  master -> master
[master 5e24e95] auto: 2026-07-30-23:26:02
 3 files changed, 18 insertions(+), 26 deletions(-)
To https://github.com/LanRhyme/dotfiles.git
   c145ec9..5e24e95  master -> master
[master 11816c7] auto: 2026-07-30-23:26:52
 2 files changed, 7 insertions(+), 3 deletions(-)
To https://github.com/LanRhyme/dotfiles.git
   5e24e95..11816c7  master -> master
[master 1179e5e] auto: 2026-07-30-23:28:10
 2 files changed, 11 insertions(+), 7 deletions(-)
To https://github.com/LanRhyme/dotfiles.git
   11816c7..1179e5e  master -> master
[master 913ba3f] auto: 2026-07-31-15:12:00
 7 files changed, 118 insertions(+), 14 deletions(-)
 create mode 100644 dot_local/share/fcitx5/themes/bamboo-dark/highlight.svg
 create mode 100644 dot_local/share/fcitx5/themes/bamboo-dark/panel.svg
 create mode 100644 dot_local/share/fcitx5/themes/bamboo-dark/theme.conf
[master 1716e4c] auto: 2026-07-31-15:12:59
 1 file changed, 5 insertions(+)
[master 2b0d2c0] auto: 2026-07-31-15:35:27
 3 files changed, 104 insertions(+)
 create mode 100644 private_dot_pi/private_agent/models.json
 create mode 100644 private_dot_pi/private_agent/settings.json
To https://github.com/LanRhyme/dotfiles.git
   1179e5e..2b0d2c0  master -> master
[master 6bbd7bd] auto: 2026-07-31-15:40:18
 3 files changed, 111 insertions(+), 1 deletion(-)
To https://github.com/LanRhyme/dotfiles.git
   2b0d2c0..6bbd7bd  master -> master
[master f32ccc2] auto: 2026-07-31-15:40:42
 2 files changed, 5 insertions(+), 1 deletion(-)
致命错误：无法访问 'https://github.com/LanRhyme/dotfiles.git/'：TLS connect error: error:0A000126:SSL routines::unexpected eof while reading
[master 2893ad2] auto: 2026-07-31-15:49:01
 3 files changed, 133 insertions(+), 1 deletion(-)
 create mode 100644 private_dot_pi/private_agent/zentui.json
To https://github.com/LanRhyme/dotfiles.git
   6bbd7bd..2893ad2  master -> master
[master f624c8e] auto: 2026-07-31-15:49:18
 2 files changed, 6 insertions(+), 1 deletion(-)
致命错误：无法访问 'https://github.com/LanRhyme/dotfiles.git/'：TLS connect error: error:0A000126:SSL routines::unexpected eof while reading
[master 7a90c51] auto: 2026-07-31-15:52:56
 3 files changed, 32 insertions(+), 1 deletion(-)
 create mode 100644 private_dot_pi/private_agent/open-tui.json
致命错误：无法访问 'https://github.com/LanRhyme/dotfiles.git/'：TLS connect error: error:0A000126:SSL routines::unexpected eof while reading
[master d004c7b] auto: 2026-07-31-15:53:14
 2 files changed, 5 insertions(+), 1 deletion(-)
致命错误：无法访问 'https://github.com/LanRhyme/dotfiles.git/'：TLS connect error: error:0A000126:SSL routines::unexpected eof while reading
[master a195aa6] auto: 2026-07-31-15:57:20
 2 files changed, 6 insertions(+), 3 deletions(-)
To https://github.com/LanRhyme/dotfiles.git
   2893ad2..a195aa6  master -> master
[master f65a824] auto: 2026-07-31-16:00:01
 1 file changed, 4 insertions(+)
To https://github.com/LanRhyme/dotfiles.git
   a195aa6..f65a824  master -> master
[master 35d42a6] auto: 2026-07-31-16:01:19
 1 file changed, 4 insertions(+)
To https://github.com/LanRhyme/dotfiles.git
   f65a824..35d42a6  master -> master
[master a5cb743] auto: 2026-07-31-16:03:30
 1 file changed, 4 insertions(+)
To https://github.com/LanRhyme/dotfiles.git
   35d42a6..a5cb743  master -> master
[master 152b7b1] auto: 2026-07-31-16:05:13
 2 files changed, 6 insertions(+), 3 deletions(-)
致命错误：无法访问 'https://github.com/LanRhyme/dotfiles.git/'：TLS connect error: error:0A000126:SSL routines::unexpected eof while reading
[master f65bcf9] auto: 2026-07-31-16:11:29
 3 files changed, 10 insertions(+), 5 deletions(-)
To https://github.com/LanRhyme/dotfiles.git
   a5cb743..f65bcf9  master -> master
[master ffef43e] auto: 2026-07-31-16:12:27
 2 files changed, 8 insertions(+), 4 deletions(-)
To https://github.com/LanRhyme/dotfiles.git
   f65bcf9..ffef43e  master -> master
[master 906a6db] auto: 2026-07-31-16:13:27
 1 file changed, 4 insertions(+)
To https://github.com/LanRhyme/dotfiles.git
   ffef43e..906a6db  master -> master
[master 0f4ba1f] auto: 2026-07-31-16:15:15
 1 file changed, 4 insertions(+)
To https://github.com/LanRhyme/dotfiles.git
   906a6db..0f4ba1f  master -> master
[master 865f78a] auto: 2026-07-31-16:17:11
 1 file changed, 4 insertions(+)
To https://github.com/LanRhyme/dotfiles.git
   0f4ba1f..865f78a  master -> master
[master 3c84d6e] auto: 2026-07-31-16:20:55
 1 file changed, 4 insertions(+)
致命错误：无法访问 'https://github.com/LanRhyme/dotfiles.git/'：TLS connect error: error:0A000126:SSL routines::unexpected eof while reading
[master c974895] auto: 2026-07-31-16:22:29
 1 file changed, 3 insertions(+)
To https://github.com/LanRhyme/dotfiles.git
   865f78a..c974895  master -> master
[master 5961074] auto: 2026-07-31-16:24:18
 2 files changed, 6 insertions(+), 3 deletions(-)
To https://github.com/LanRhyme/dotfiles.git
   c974895..5961074  master -> master
[master 24f225f] auto: 2026-07-31-16:27:03
 2 files changed, 6 insertions(+), 1 deletion(-)
To https://github.com/LanRhyme/dotfiles.git
   5961074..24f225f  master -> master
[master ed555a0] auto: 2026-07-31-16:31:22
 2 files changed, 8 insertions(+), 1 deletion(-)
To https://github.com/LanRhyme/dotfiles.git
   24f225f..ed555a0  master -> master
[master 1c179f0] auto: 2026-07-31-16:35:36
 2 files changed, 12 insertions(+), 1 deletion(-)
To https://github.com/LanRhyme/dotfiles.git
   ed555a0..1c179f0  master -> master
[master e4d8592] auto: 2026-07-31-16:42:21
 2 files changed, 8 insertions(+), 1 deletion(-)
To https://github.com/LanRhyme/dotfiles.git
   1c179f0..e4d8592  master -> master
[master 130924e] auto: 2026-07-31-16:47:26
 2 files changed, 7 insertions(+), 1 deletion(-)
To https://github.com/LanRhyme/dotfiles.git
   e4d8592..130924e  master -> master
[master 8c31f9c] auto: 2026-07-31-16:49:09
 2 files changed, 8 insertions(+), 1 deletion(-)
To https://github.com/LanRhyme/dotfiles.git
   130924e..8c31f9c  master -> master
[master a44d253] auto: 2026-07-31-16:51:50
 2 files changed, 8 insertions(+), 1 deletion(-)
To https://github.com/LanRhyme/dotfiles.git
   8c31f9c..a44d253  master -> master
[master c0e8769] auto: 2026-07-31-16:54:19
 2 files changed, 12 insertions(+), 8 deletions(-)
To https://github.com/LanRhyme/dotfiles.git
   a44d253..c0e8769  master -> master
[master a6518c7] auto: 2026-07-31-16:58:57
 3 files changed, 9 insertions(+), 11 deletions(-)
To https://github.com/LanRhyme/dotfiles.git
   c0e8769..a6518c7  master -> master
[master 8d868e7] auto: 2026-07-31-17:00:54
 2 files changed, 6 insertions(+), 2 deletions(-)
To https://github.com/LanRhyme/dotfiles.git
   a6518c7..8d868e7  master -> master
[master dcd589b] auto: 2026-07-31-17:09:11
 2 files changed, 7 insertions(+), 1 deletion(-)
To https://github.com/LanRhyme/dotfiles.git
   8d868e7..dcd589b  master -> master
[master 8018ff7] auto: 2026-07-31-17:14:33
 2 files changed, 5 insertions(+), 1 deletion(-)
To https://github.com/LanRhyme/dotfiles.git
   dcd589b..8018ff7  master -> master
[master 8eff113] auto: 2026-07-31-17:20:12
 1 file changed, 4 insertions(+)
To https://github.com/LanRhyme/dotfiles.git
   8018ff7..8eff113  master -> master
[master 8cad8ae] auto: 2026-07-31-17:24:27
 1 file changed, 4 insertions(+)
To https://github.com/LanRhyme/dotfiles.git
   8eff113..8cad8ae  master -> master
[master 074d6d4] auto: 2026-07-31-17:27:08
 1 file changed, 4 insertions(+)
致命错误：无法访问 'https://github.com/LanRhyme/dotfiles.git/'：TLS connect error: error:0A000126:SSL routines::unexpected eof while reading
[master ff98111] auto: 2026-07-31-17:28:39
 1 file changed, 3 insertions(+)
To https://github.com/LanRhyme/dotfiles.git
   8cad8ae..ff98111  master -> master
[master 8181482] auto: 2026-07-31-17:29:43
 2 files changed, 6 insertions(+), 3 deletions(-)
To https://github.com/LanRhyme/dotfiles.git
   ff98111..8181482  master -> master
[master 2475c32] auto: 2026-07-31-17:31:03
 1 file changed, 4 insertions(+)
To https://github.com/LanRhyme/dotfiles.git
   8181482..2475c32  master -> master
[master 8da5cfb] auto: 2026-07-31-17:32:55
 1 file changed, 4 insertions(+)
To https://github.com/LanRhyme/dotfiles.git
   2475c32..8da5cfb  master -> master
[master ab73bc4] auto: 2026-07-31-17:35:27
 1 file changed, 4 insertions(+)
To https://github.com/LanRhyme/dotfiles.git
   8da5cfb..ab73bc4  master -> master
[master f852cb6] auto: 2026-07-31-17:37:42
 1 file changed, 4 insertions(+)
To https://github.com/LanRhyme/dotfiles.git
   ab73bc4..f852cb6  master -> master
[master bc6f591] auto: 2026-07-31-17:39:14
 1 file changed, 4 insertions(+)
To https://github.com/LanRhyme/dotfiles.git
   f852cb6..bc6f591  master -> master
[master d4f6437] auto: 2026-07-31-17:41:02
 1 file changed, 4 insertions(+)
To https://github.com/LanRhyme/dotfiles.git
   bc6f591..d4f6437  master -> master
[master 037fb92] auto: 2026-07-31-17:42:40
 1 file changed, 4 insertions(+)
To https://github.com/LanRhyme/dotfiles.git
   d4f6437..037fb92  master -> master
[master c6ae41f] auto: 2026-07-31-17:44:01
 1 file changed, 4 insertions(+)
To https://github.com/LanRhyme/dotfiles.git
   037fb92..c6ae41f  master -> master
[master 1d173f7] auto: 2026-07-31-17:45:43
 1 file changed, 4 insertions(+)
To https://github.com/LanRhyme/dotfiles.git
   c6ae41f..1d173f7  master -> master
[master d2338e7] auto: 2026-07-31-17:46:52
 1 file changed, 4 insertions(+)
To https://github.com/LanRhyme/dotfiles.git
   1d173f7..d2338e7  master -> master
[master f9d267e] auto: 2026-07-31-17:47:46
 1 file changed, 4 insertions(+)
To https://github.com/LanRhyme/dotfiles.git
   d2338e7..f9d267e  master -> master
[master 22dd881] auto: 2026-07-31-17:49:02
 1 file changed, 4 insertions(+)
To https://github.com/LanRhyme/dotfiles.git
   f9d267e..22dd881  master -> master
[master 60fe008] auto: 2026-07-31-17:50:29
 1 file changed, 4 insertions(+)
To https://github.com/LanRhyme/dotfiles.git
   22dd881..60fe008  master -> master
[master 3c64189] auto: 2026-07-31-17:51:05
 1 file changed, 4 insertions(+)
To https://github.com/LanRhyme/dotfiles.git
   60fe008..3c64189  master -> master
[master cc2a36f] auto: 2026-07-31-17:53:32
 2 files changed, 7 insertions(+), 1 deletion(-)
To https://github.com/LanRhyme/dotfiles.git
   3c64189..cc2a36f  master -> master
[master 69d9d74] auto: 2026-07-31-17:54:35
 1 file changed, 4 insertions(+)
To https://github.com/LanRhyme/dotfiles.git
   cc2a36f..69d9d74  master -> master
[master 778e6fb] auto: 2026-07-31-17:57:54
 1 file changed, 4 insertions(+)
To https://github.com/LanRhyme/dotfiles.git
   69d9d74..778e6fb  master -> master
[master 84d69ed] auto: 2026-07-31-18:00:00
 1 file changed, 4 insertions(+)
To https://github.com/LanRhyme/dotfiles.git
   778e6fb..84d69ed  master -> master
[master b00ddfe] auto: 2026-07-31-20:00:00
 1 file changed, 4 insertions(+)
To https://github.com/LanRhyme/dotfiles.git
   84d69ed..b00ddfe  master -> master
[master bd42415] auto: 2026-07-31-20:36:45
 2 files changed, 5 insertions(+), 1 deletion(-)
To https://github.com/LanRhyme/dotfiles.git
   b00ddfe..bd42415  master -> master
[master 8e3a0fa] auto: 2026-07-31-20:40:32
 2 files changed, 22 insertions(+), 18 deletions(-)
To https://github.com/LanRhyme/dotfiles.git
   bd42415..8e3a0fa  master -> master
[master eaf47f5] auto: 2026-07-31-20:43:23
 2 files changed, 6 insertions(+), 2 deletions(-)
To https://github.com/LanRhyme/dotfiles.git
   8e3a0fa..eaf47f5  master -> master
[master a68e41e] auto: 2026-07-31-22:00:01
 2 files changed, 34 insertions(+), 23 deletions(-)
To https://github.com/LanRhyme/dotfiles.git
   eaf47f5..a68e41e  master -> master
[master fce3270] auto: 2026-08-01-20:37:36
 3 files changed, 30 insertions(+), 22 deletions(-)
To https://github.com/LanRhyme/dotfiles.git
   a68e41e..fce3270  master -> master
[master e60fb10] auto: 2026-08-01-20:44:51
 3 files changed, 7 insertions(+), 2 deletions(-)
To https://github.com/LanRhyme/dotfiles.git
   fce3270..e60fb10  master -> master
[master 4c93ea4] auto: 2026-08-01-20:45:11
 1 file changed, 4 insertions(+)
To https://github.com/LanRhyme/dotfiles.git
   e60fb10..4c93ea4  master -> master
[master b15b49d] auto: 2026-08-01-20:46:00
 1 file changed, 4 insertions(+)
To https://github.com/LanRhyme/dotfiles.git
   4c93ea4..b15b49d  master -> master
[master 71b9abb] auto: 2026-08-01-20:47:10
 1 file changed, 4 insertions(+)
To https://github.com/LanRhyme/dotfiles.git
   b15b49d..71b9abb  master -> master
[master 3803013] auto: 2026-08-01-20:49:38
 1 file changed, 4 insertions(+)
To https://github.com/LanRhyme/dotfiles.git
   71b9abb..3803013  master -> master
[master e03c183] auto: 2026-08-01-20:57:39
 1 file changed, 4 insertions(+)
To https://github.com/LanRhyme/dotfiles.git
   3803013..e03c183  master -> master
[master 0ddbd39] auto: 2026-08-01-21:01:47
 1 file changed, 4 insertions(+)
To https://github.com/LanRhyme/dotfiles.git
   e03c183..0ddbd39  master -> master
[master 0a54a9f] auto: 2026-08-01-21:02:56
 1 file changed, 4 insertions(+)
To https://github.com/LanRhyme/dotfiles.git
   0ddbd39..0a54a9f  master -> master
[master 8d85723] auto: 2026-08-01-21:05:19
 1 file changed, 4 insertions(+)
To https://github.com/LanRhyme/dotfiles.git
   0a54a9f..8d85723  master -> master
[master 01bf7b5] auto: 2026-08-01-21:06:55
 2 files changed, 4 insertions(+), 1 deletion(-)
To https://github.com/LanRhyme/dotfiles.git
   8d85723..01bf7b5  master -> master
[master d2c8a9e] auto: 2026-08-01-21:09:42
 2 files changed, 5 insertions(+)
To https://github.com/LanRhyme/dotfiles.git
   01bf7b5..d2c8a9e  master -> master
[master 9c8ffd3] auto: 2026-08-01-21:11:38
 1 file changed, 4 insertions(+)
[master 3ff9f32] auto: 2026-08-01-21:12:11
 1 file changed, 2 insertions(+)
To https://github.com/LanRhyme/dotfiles.git
   d2c8a9e..3ff9f32  master -> master
[master d7a5714] auto: 2026-08-01-21:28:01
 4 files changed, 24 insertions(+), 18 deletions(-)
To https://github.com/LanRhyme/dotfiles.git
   3ff9f32..d7a5714  master -> master
[master d4f08f3] auto: 2026-08-01-21:29:42
 3 files changed, 6 insertions(+), 2 deletions(-)
To https://github.com/LanRhyme/dotfiles.git
   d7a5714..d4f08f3  master -> master
[master ca03261] auto: 2026-08-01-21:50:41
 3 files changed, 10 insertions(+), 2 deletions(-)
 create mode 100644 dot_pi-lens/config.json
致命错误：无法访问 'https://github.com/LanRhyme/dotfiles.git/'：OpenSSL SSL_read: OpenSSL/3.6.3: error:0A000126:SSL routines::unexpected eof while reading, errno 0
[master c79d20a] auto: 2026-08-01-21:52:17
 1 file changed, 4 insertions(+)
致命错误：无法访问 'https://github.com/LanRhyme/dotfiles.git/'：TLS connect error: error:0A000126:SSL routines::unexpected eof while reading
[master 35e2372] auto: 2026-08-01-22:00:01
 3 files changed, 6 insertions(+), 1 deletion(-)
致命错误：无法访问 'https://github.com/LanRhyme/dotfiles.git/'：Failed to connect to github.com:443 after 132784 ms: Could not connect to server
chezmoi: /home/lanrhyme/.pi/agent/models.json:56: Detected a Generic API Key, potentially exposing access to various services and sensitive operations.
[master 58715b5] auto: 2026-08-01-22:15:59
 5 files changed, 9 insertions(+), 2 deletions(-)
 rename private_dot_pi/private_agent/{models.json => private_models.json} (100%)
To https://github.com/LanRhyme/dotfiles.git
   d4f08f3..58715b5  master -> master
[master 1cb645d] auto: 2026-08-01-22:22:52
 4 files changed, 30 insertions(+), 19 deletions(-)
To https://github.com/LanRhyme/dotfiles.git
   58715b5..1cb645d  master -> master
[master 46678e8] auto: 2026-08-01-22:27:03
 1 file changed, 4 insertions(+)
To https://github.com/LanRhyme/dotfiles.git
   1cb645d..46678e8  master -> master
[master 382ae77] auto: 2026-08-01-22:27:10
 2 files changed, 267 insertions(+)
 create mode 100644 private_dot_pi/private_agent/extensions/cmd-palette.ts
To https://github.com/LanRhyme/dotfiles.git
   46678e8..382ae77  master -> master
[master b382b1e] auto: 2026-08-01-22:29:19
 2 files changed, 487 insertions(+), 251 deletions(-)
To https://github.com/LanRhyme/dotfiles.git
   382ae77..b382b1e  master -> master
[master f510fc3] auto: 2026-08-01-22:33:43
 2 files changed, 43 insertions(+), 5 deletions(-)
To https://github.com/LanRhyme/dotfiles.git
   b382b1e..f510fc3  master -> master
[master bc5b4f7] auto: 2026-08-01-22:45:45
 3 files changed, 13 insertions(+), 5 deletions(-)
To https://github.com/LanRhyme/dotfiles.git
   f510fc3..bc5b4f7  master -> master
[master b7f6cf6] auto: 2026-08-02-00:00:01
 2 files changed, 5 insertions(+)
To https://github.com/LanRhyme/dotfiles.git
   bc5b4f7..b7f6cf6  master -> master
[master ac696a9] auto: 2026-08-02-14:17:36
 2 files changed, 4 insertions(+), 1 deletion(-)
To https://github.com/LanRhyme/dotfiles.git
   b7f6cf6..ac696a9  master -> master
[master 8d67e27] auto: 2026-08-02-20:00:01
 2 files changed, 30 insertions(+), 34 deletions(-)
致命错误：could not read Username for 'https://github.com': 没有那个设备或地址
[master 0b6f30f] auto: 2026-08-02-20:07:25
 2 files changed, 4 insertions(+), 1 deletion(-)
To https://github.com/LanRhyme/dotfiles.git
   ac696a9..0b6f30f  master -> master
[master 2e3bcc5] auto: 2026-08-03-12:00:02
 2 files changed, 19 insertions(+), 13 deletions(-)
To https://github.com/LanRhyme/dotfiles.git
   0b6f30f..2e3bcc5  master -> master
[master 3d2f38c] auto: 2026-08-03-14:00:01
 1 file changed, 4 insertions(+)
To https://github.com/LanRhyme/dotfiles.git
   2e3bcc5..3d2f38c  master -> master
[master 22654ca] auto: 2026-08-03-16:00:01
 1 file changed, 4 insertions(+)
致命错误：无法访问 'https://github.com/LanRhyme/dotfiles.git/'：TLS connect error: error:0A000126:SSL routines::unexpected eof while reading
[master 604d549] auto: 2026-08-03-18:00:00
 1 file changed, 3 insertions(+)
To https://github.com/LanRhyme/dotfiles.git
   3d2f38c..604d549  master -> master
[master 219166f] auto: 2026-08-03-20:00:00
 4 files changed, 11 insertions(+), 5 deletions(-)
To https://github.com/LanRhyme/dotfiles.git
   604d549..219166f  master -> master
[master 1b67f0f] auto: 2026-08-03-20:28:27
 5 files changed, 12 insertions(+), 8 deletions(-)
To https://github.com/LanRhyme/dotfiles.git
   219166f..1b67f0f  master -> master
[master b61c0ee] auto: 2026-08-03-20:28:33
 1 file changed, 4 insertions(+)
To https://github.com/LanRhyme/dotfiles.git
   1b67f0f..b61c0ee  master -> master
[master 4d7e6ae] auto: 2026-08-03-20:44:08
 1 file changed, 15 insertions(+)
 mode change 100755 => 100644 dot_local/bin/executable_dotfiles-sync.sh
To https://github.com/LanRhyme/dotfiles.git
   fea2e9c..4d7e6ae  master -> master
[master 1727770] auto: 2026-08-03-20:44:22
 2 files changed, 6 insertions(+)
 create mode 100644 dot_config/private_fake_key_test.json
To https://github.com/LanRhyme/dotfiles.git
   4d7e6ae..1727770  master -> master
[master 9026757] auto: 2026-08-03-22:00:01
 2 files changed, 7 insertions(+), 7 deletions(-)
To https://github.com/LanRhyme/dotfiles.git
   d47b11b..9026757  master -> master
[master ee5e9d0] auto: 2026-08-04-12:00:01
 2 files changed, 82 insertions(+), 78 deletions(-)
致命错误：could not read Username for 'https://github.com': 没有那个设备或地址
[master 1198a5a] auto: 2026-08-04-14:00:00
 2 files changed, 5 insertions(+), 2 deletions(-)
To https://github.com/LanRhyme/dotfiles.git
   9026757..1198a5a  master -> master
[master 70e832d] auto: 2026-08-04-16:00:00
 1 file changed, 4 insertions(+)
To https://github.com/LanRhyme/dotfiles.git
   1198a5a..70e832d  master -> master
[master fb5c62c] auto: 2026-08-04-18:00:01
 1 file changed, 4 insertions(+)
To https://github.com/LanRhyme/dotfiles.git
   70e832d..fb5c62c  master -> master
[master 1f3bb69] auto: 2026-08-04-20:00:01
 1 file changed, 4 insertions(+)
To https://github.com/LanRhyme/dotfiles.git
   fb5c62c..1f3bb69  master -> master
[master fa2c985] auto: 2026-08-04-20:56:33
 3 files changed, 91 insertions(+), 85 deletions(-)
To https://github.com/LanRhyme/dotfiles.git
   1f3bb69..fa2c985  master -> master
[master 4e6716f] auto: 2026-08-04-20:57:07
 2 files changed, 5 insertions(+), 1 deletion(-)
To https://github.com/LanRhyme/dotfiles.git
   fa2c985..4e6716f  master -> master
[master fc8cf08] auto: 2026-08-04-22:00:00
 3 files changed, 8 insertions(+), 3 deletions(-)
致命错误：无法访问 'https://github.com/LanRhyme/dotfiles.git/'：Failed to connect to github.com:443 after 133164 ms: Could not connect to server
[master edd160f] auto: 2026-08-05-00:00:00
 4 files changed, 91 insertions(+), 86 deletions(-)
To https://github.com/LanRhyme/dotfiles.git
   4e6716f..edd160f  master -> master
[master f7fc18a] auto: 2026-08-05-12:22:22
 7 files changed, 85 insertions(+), 3 deletions(-)
 create mode 100644 dot_config/ghostty/config
 create mode 100644 dot_config/ghostty/theme
To https://github.com/LanRhyme/dotfiles.git
   edd160f..f7fc18a  master -> master
[master 2623d20] auto: 2026-08-05-12:23:13
 3 files changed, 8 insertions(+), 1 deletion(-)
To https://github.com/LanRhyme/dotfiles.git
   f7fc18a..2623d20  master -> master
[master 753e4f5] auto: 2026-08-05-12:26:09
 3 files changed, 130 insertions(+), 5 deletions(-)
 create mode 100644 dot_config/ghostty/shaders/cursor.frag
To https://github.com/LanRhyme/dotfiles.git
   2623d20..753e4f5  master -> master
[master 70bf68d] auto: 2026-08-05-12:27:55
 3 files changed, 8 insertions(+), 3 deletions(-)
To https://github.com/LanRhyme/dotfiles.git
   753e4f5..70bf68d  master -> master
[master 5c4c523] auto: 2026-08-05-12:30:35
 3 files changed, 6 insertions(+), 1 deletion(-)
To https://github.com/LanRhyme/dotfiles.git
   70bf68d..5c4c523  master -> master
[master 8f76d6f] auto: 2026-08-05-12:32:08
 3 files changed, 11 insertions(+), 5 deletions(-)
To https://github.com/LanRhyme/dotfiles.git
   5c4c523..8f76d6f  master -> master
[master 0ea72ed] auto: 2026-08-05-12:33:30
 3 files changed, 50 insertions(+), 56 deletions(-)
To https://github.com/LanRhyme/dotfiles.git
   8f76d6f..0ea72ed  master -> master
[master b130f07] auto: 2026-08-05-12:34:25
 3 files changed, 11 insertions(+), 7 deletions(-)
To https://github.com/LanRhyme/dotfiles.git
   0ea72ed..b130f07  master -> master
[master 2442df0] auto: 2026-08-05-12:37:25
 3 files changed, 92 insertions(+), 49 deletions(-)
To https://github.com/LanRhyme/dotfiles.git
   b130f07..2442df0  master -> master
[master e9ee01c] auto: 2026-08-05-12:40:31
 3 files changed, 20 insertions(+), 8 deletions(-)
To https://github.com/LanRhyme/dotfiles.git
   2442df0..e9ee01c  master -> master
[master 6dc1360] auto: 2026-08-05-12:42:15
 3 files changed, 52 insertions(+), 60 deletions(-)
致命错误：无法访问 'https://github.com/LanRhyme/dotfiles.git/'：Error in the HTTP2 framing layer
[master ad55361] auto: 2026-08-05-12:42:31
 1 file changed, 3 insertions(+)
To https://github.com/LanRhyme/dotfiles.git
   e9ee01c..ad55361  master -> master
[master 2854586] auto: 2026-08-05-12:44:36
 3 files changed, 17 insertions(+), 7 deletions(-)
To https://github.com/LanRhyme/dotfiles.git
   ad55361..2854586  master -> master
[master 6037772] auto: 2026-08-05-12:47:03
 3 files changed, 35 insertions(+), 20 deletions(-)
To https://github.com/LanRhyme/dotfiles.git
   2854586..6037772  master -> master
[master bb06a27] auto: 2026-08-05-12:48:06
 2 files changed, 15 insertions(+), 11 deletions(-)
To https://github.com/LanRhyme/dotfiles.git
   6037772..bb06a27  master -> master
[master f36aa6b] auto: 2026-08-05-12:50:02
 3 files changed, 25 insertions(+), 18 deletions(-)
To https://github.com/LanRhyme/dotfiles.git
   bb06a27..f36aa6b  master -> master
[master a7fcaf6] auto: 2026-08-05-12:51:54
 2 files changed, 8 insertions(+), 1 deletion(-)
To https://github.com/LanRhyme/dotfiles.git
   f36aa6b..a7fcaf6  master -> master
[master 9333e1f] auto: 2026-08-05-12:53:59
 3 files changed, 7 insertions(+), 3 deletions(-)
To https://github.com/LanRhyme/dotfiles.git
   a7fcaf6..9333e1f  master -> master
[master 9a5a102] auto: 2026-08-05-12:55:03
 3 files changed, 24 insertions(+), 3 deletions(-)
To https://github.com/LanRhyme/dotfiles.git
   9333e1f..9a5a102  master -> master
[master 51e791d] auto: 2026-08-05-12:56:11
 3 files changed, 50 insertions(+), 23 deletions(-)
To https://github.com/LanRhyme/dotfiles.git
   9a5a102..51e791d  master -> master
[master 4ed2aa2] auto: 2026-08-05-12:57:27
 3 files changed, 30 insertions(+), 6 deletions(-)
To https://github.com/LanRhyme/dotfiles.git
   51e791d..4ed2aa2  master -> master
[master 82e7a22] auto: 2026-08-05-12:58:27
 3 files changed, 19 insertions(+), 36 deletions(-)
To https://github.com/LanRhyme/dotfiles.git
   4ed2aa2..82e7a22  master -> master
[master 520d031] auto: 2026-08-05-13:00:29
 3 files changed, 32 insertions(+), 14 deletions(-)
To https://github.com/LanRhyme/dotfiles.git
   82e7a22..520d031  master -> master
[master a4feaca] auto: 2026-08-05-13:02:18
 3 files changed, 29 insertions(+), 61 deletions(-)
To https://github.com/LanRhyme/dotfiles.git
   520d031..a4feaca  master -> master
[master 7cbc789] auto: 2026-08-05-13:03:37
 3 files changed, 25 insertions(+), 19 deletions(-)
To https://github.com/LanRhyme/dotfiles.git
   a4feaca..7cbc789  master -> master
[master 7dc2322] auto: 2026-08-05-13:04:12
 3 files changed, 27 insertions(+), 85 deletions(-)
To https://github.com/LanRhyme/dotfiles.git
   7cbc789..7dc2322  master -> master
[master 140d9f5] auto: 2026-08-05-13:05:01
 3 files changed, 75 insertions(+), 24 deletions(-)
To https://github.com/LanRhyme/dotfiles.git
   7dc2322..140d9f5  master -> master
[master 4e1c0f8] auto: 2026-08-05-13:06:13
 3 files changed, 7 insertions(+), 3 deletions(-)
To https://github.com/LanRhyme/dotfiles.git
   140d9f5..4e1c0f8  master -> master
[master a0a0de0] auto: 2026-08-05-13:06:51
 3 files changed, 50 insertions(+), 18 deletions(-)
To https://github.com/LanRhyme/dotfiles.git
   4e1c0f8..a0a0de0  master -> master
[master 66a9184] auto: 2026-08-05-13:07:49
 3 files changed, 36 insertions(+), 48 deletions(-)
To https://github.com/LanRhyme/dotfiles.git
   a0a0de0..66a9184  master -> master
[master 1cb1341] auto: 2026-08-05-13:08:27
 3 files changed, 29 insertions(+), 7 deletions(-)
To https://github.com/LanRhyme/dotfiles.git
   66a9184..1cb1341  master -> master
[master 430d346] auto: 2026-08-05-13:09:03
 3 files changed, 21 insertions(+), 14 deletions(-)
To https://github.com/LanRhyme/dotfiles.git
   1cb1341..430d346  master -> master
[master 1e1fe3f] auto: 2026-08-05-13:09:38
 3 files changed, 22 insertions(+), 23 deletions(-)
To https://github.com/LanRhyme/dotfiles.git
   430d346..1e1fe3f  master -> master
[master 89bada7] auto: 2026-08-05-13:10:40
 3 files changed, 35 insertions(+), 28 deletions(-)
To https://github.com/LanRhyme/dotfiles.git
   1e1fe3f..89bada7  master -> master
[master 3ab3842] auto: 2026-08-05-13:11:52
 3 files changed, 6 insertions(+), 13 deletions(-)
To https://github.com/LanRhyme/dotfiles.git
   89bada7..3ab3842  master -> master
[master d93a277] auto: 2026-08-05-13:13:07
 3 files changed, 39 insertions(+), 14 deletions(-)
To https://github.com/LanRhyme/dotfiles.git
   3ab3842..d93a277  master -> master
[master 15cd139] auto: 2026-08-05-13:15:24
 3 files changed, 22 insertions(+), 16 deletions(-)
To https://github.com/LanRhyme/dotfiles.git
   d93a277..15cd139  master -> master
[master 99b1718] auto: 2026-08-05-13:16:22
 3 files changed, 7 insertions(+), 3 deletions(-)
To https://github.com/LanRhyme/dotfiles.git
   15cd139..99b1718  master -> master
[master 6bb03ef] auto: 2026-08-05-13:16:56
 3 files changed, 14 insertions(+), 10 deletions(-)
To https://github.com/LanRhyme/dotfiles.git
   99b1718..6bb03ef  master -> master
[master 5ea8d05] auto: 2026-08-05-13:17:50
 3 files changed, 13 insertions(+), 7 deletions(-)
To https://github.com/LanRhyme/dotfiles.git
   6bb03ef..5ea8d05  master -> master
[master f4cd731] auto: 2026-08-05-13:19:20
 3 files changed, 22 insertions(+), 17 deletions(-)
To https://github.com/LanRhyme/dotfiles.git
   5ea8d05..f4cd731  master -> master
[master 590ebf2] auto: 2026-08-05-13:20:52
 3 files changed, 28 insertions(+), 19 deletions(-)
To https://github.com/LanRhyme/dotfiles.git
   f4cd731..590ebf2  master -> master
[master 0cfbcfb] auto: 2026-08-05-13:22:08
 3 files changed, 32 insertions(+), 17 deletions(-)
To https://github.com/LanRhyme/dotfiles.git
   590ebf2..0cfbcfb  master -> master
[master 6a3932f] auto: 2026-08-05-13:23:15
 3 files changed, 13 insertions(+), 9 deletions(-)
To https://github.com/LanRhyme/dotfiles.git
   0cfbcfb..6a3932f  master -> master
[master 5b4ccd4] auto: 2026-08-05-13:23:59
 3 files changed, 27 insertions(+), 23 deletions(-)
To https://github.com/LanRhyme/dotfiles.git
   6a3932f..5b4ccd4  master -> master
[master 7576507] auto: 2026-08-05-13:25:02
 3 files changed, 10 insertions(+), 3 deletions(-)
To https://github.com/LanRhyme/dotfiles.git
   5b4ccd4..7576507  master -> master
[master 696601a] auto: 2026-08-05-13:27:03
 3 files changed, 33 insertions(+), 26 deletions(-)
To https://github.com/LanRhyme/dotfiles.git
   7576507..696601a  master -> master
[master 7d620be] auto: 2026-08-05-13:28:26
 3 files changed, 22 insertions(+), 20 deletions(-)
To https://github.com/LanRhyme/dotfiles.git
   696601a..7d620be  master -> master
[master 1eea63e] auto: 2026-08-05-13:31:12
 3 files changed, 10 insertions(+), 4 deletions(-)
To https://github.com/LanRhyme/dotfiles.git
   7d620be..1eea63e  master -> master
[master f8498f9] auto: 2026-08-05-13:34:29
 4 files changed, 5 insertions(+), 208 deletions(-)
 delete mode 100644 dot_config/alacritty/README.md
 delete mode 100644 dot_config/alacritty/alacritty.toml
To https://github.com/LanRhyme/dotfiles.git
   1eea63e..f8498f9  master -> master
[master 0e8421d] auto: 2026-08-05-13:36:31
 3 files changed, 20 insertions(+), 14 deletions(-)
To https://github.com/LanRhyme/dotfiles.git
   f8498f9..0e8421d  master -> master
[master ce3a53a] auto: 2026-08-05-13:38:14
 3 files changed, 48 insertions(+), 42 deletions(-)
To https://github.com/LanRhyme/dotfiles.git
   0e8421d..ce3a53a  master -> master
[master 182f17e] auto: 2026-08-05-13:40:17
 3 files changed, 47 insertions(+), 45 deletions(-)
To https://github.com/LanRhyme/dotfiles.git
   ce3a53a..182f17e  master -> master
[master 3ec3f07] auto: 2026-08-05-14:00:00
 1 file changed, 2 insertions(+), 1 deletion(-)
To https://github.com/LanRhyme/dotfiles.git
   0fcbe6e..3ec3f07  master -> master
[master 2c83c4f] auto: 2026-08-05-16:00:01
 2 files changed, 6 insertions(+), 1 deletion(-)
To https://github.com/LanRhyme/dotfiles.git
   3ec3f07..2c83c4f  master -> master
[master a25f498] auto: 2026-08-05-18:00:01
 1 file changed, 4 insertions(+)
致命错误：无法访问 'https://github.com/LanRhyme/dotfiles.git/'：TLS connect error: error:0A000126:SSL routines::unexpected eof while reading
[master ea37831] auto: 2026-08-05-19:20:52
 3 files changed, 11 insertions(+)
 create mode 100644 dot_local/bin/executable_ghostty
To https://github.com/LanRhyme/dotfiles.git
   2c83c4f..ea37831  master -> master
[master 2d2f0a1] auto: 2026-08-05-19:21:18
 2 files changed, 6 insertions(+)
To https://github.com/LanRhyme/dotfiles.git
   ea37831..2d2f0a1  master -> master
[master 90d8422] auto: 2026-08-05-20:00:01
 4 files changed, 9 insertions(+), 4 deletions(-)
To https://github.com/LanRhyme/dotfiles.git
   2d2f0a1..90d8422  master -> master
[master e136b20] auto: 2026-08-05-22:00:02
 3 files changed, 6 insertions(+), 2 deletions(-)
To https://github.com/LanRhyme/dotfiles.git
   90d8422..e136b20  master -> master
[master 27a59b0] auto: 2026-08-06-00:00:01
 1 file changed, 4 insertions(+)
To https://github.com/LanRhyme/dotfiles.git
   e136b20..27a59b0  master -> master
[master efb87ae] auto: 2026-08-06-02:00:01
 2 files changed, 6 insertions(+), 2 deletions(-)
致命错误：无法访问 'https://github.com/LanRhyme/dotfiles.git/'：TLS connect error: error:0A000126:SSL routines::unexpected eof while reading
[master d8cf305] auto: 2026-08-06-04:00:01
 1 file changed, 3 insertions(+)
致命错误：无法访问 'https://github.com/LanRhyme/dotfiles.git/'：TLS connect error: error:0A000126:SSL routines::unexpected eof while reading
[master 55c8dd1] auto: 2026-08-06-06:00:00
 1 file changed, 3 insertions(+)
致命错误：无法访问 'https://github.com/LanRhyme/dotfiles.git/'：TLS connect error: error:0A000126:SSL routines::unexpected eof while reading
[master e69e704] auto: 2026-08-06-08:00:01
 1 file changed, 3 insertions(+)
致命错误：无法访问 'https://github.com/LanRhyme/dotfiles.git/'：TLS connect error: error:0A000126:SSL routines::unexpected eof while reading
[master 33ca746] auto: 2026-08-06-10:00:01
 1 file changed, 3 insertions(+)
To https://github.com/LanRhyme/dotfiles.git
   27a59b0..33ca746  master -> master
[master 16ae0ed] auto: 2026-08-06-12:00:02
 1 file changed, 4 insertions(+)
To https://github.com/LanRhyme/dotfiles.git
   33ca746..16ae0ed  master -> master
[master e193e86] auto: 2026-08-06-14:00:02
 1 file changed, 4 insertions(+)
To https://github.com/LanRhyme/dotfiles.git
   16ae0ed..e193e86  master -> master
[master 0d15b1f] auto: 2026-08-06-16:00:02
 1 file changed, 4 insertions(+)
To https://github.com/LanRhyme/dotfiles.git
   e193e86..0d15b1f  master -> master
[master 8dfdf5f] auto: 2026-08-06-18:00:01
 1 file changed, 4 insertions(+)
To https://github.com/LanRhyme/dotfiles.git
   0d15b1f..8dfdf5f  master -> master
[master 0de42b7] auto: 2026-08-06-20:00:02
 1 file changed, 4 insertions(+)
To https://github.com/LanRhyme/dotfiles.git
   8dfdf5f..0de42b7  master -> master
[master 1ba38b1] auto: 2026-08-06-22:00:01
 4 files changed, 13 insertions(+), 8 deletions(-)
致命错误：无法访问 'https://github.com/LanRhyme/dotfiles.git/'：TLS connect error: error:0A000126:SSL routines::unexpected eof while reading
[master d57f03d] auto: 2026-08-07-00:00:01
 2 files changed, 93 insertions(+), 90 deletions(-)
致命错误：无法访问 'https://github.com/LanRhyme/dotfiles.git/'：OpenSSL SSL_read: OpenSSL/3.6.3: error:0A000126:SSL routines::unexpected eof while reading, errno 0
[master 6b004d1] auto: 2026-08-07-12:00:02
 1 file changed, 3 insertions(+)
致命错误：could not read Username for 'https://github.com': 没有那个设备或地址
[master f892628] auto: 2026-08-07-20:00:02
 2 files changed, 5 insertions(+), 2 deletions(-)
To https://github.com/LanRhyme/dotfiles.git
   0de42b7..f892628  master -> master
[master 0b0110f] auto: 2026-08-07-21:09:34
 3 files changed, 40 insertions(+), 9 deletions(-)
To https://github.com/LanRhyme/dotfiles.git
   f892628..0b0110f  master -> master
[master a343471] auto: 2026-08-07-21:43:17
 5 files changed, 31 insertions(+), 21 deletions(-)
To https://github.com/LanRhyme/dotfiles.git
   0b0110f..a343471  master -> master
[master ef26973] auto: 2026-08-07-22:00:00
 1 file changed, 4 insertions(+)
To https://github.com/LanRhyme/dotfiles.git
   a343471..ef26973  master -> master
[master fad0439] auto: 2026-08-08-00:00:02
 1 file changed, 4 insertions(+)
致命错误：无法访问 'https://github.com/LanRhyme/dotfiles.git/'：TLS connect error: error:0A000126:SSL routines::unexpected eof while reading
[master 2ddb81c] auto: 2026-08-08-02:00:01
 2 files changed, 19 insertions(+), 16 deletions(-)
To https://github.com/LanRhyme/dotfiles.git
   ef26973..2ddb81c  master -> master
[master dcd34e2] auto: 2026-08-08-04:00:00
 1 file changed, 4 insertions(+)
To https://github.com/LanRhyme/dotfiles.git
   2ddb81c..dcd34e2  master -> master
[master 16d70e1] auto: 2026-08-08-06:00:00
 1 file changed, 4 insertions(+)
To https://github.com/LanRhyme/dotfiles.git
   dcd34e2..16d70e1  master -> master
[master bdb1b0a] auto: 2026-08-08-08:00:00
 1 file changed, 4 insertions(+)
致命错误：无法访问 'https://github.com/LanRhyme/dotfiles.git/'：OpenSSL SSL_read: OpenSSL/3.6.3: error:0A000126:SSL routines::unexpected eof while reading, errno 0
[master 9cfb06c] auto: 2026-08-08-10:00:01
 1 file changed, 3 insertions(+)
致命错误：无法访问 'https://github.com/LanRhyme/dotfiles.git/'：TLS connect error: error:0A000126:SSL routines::unexpected eof while reading
[master 9b6968e] auto: 2026-08-08-12:00:01
 1 file changed, 3 insertions(+)
致命错误：无法访问 'https://github.com/LanRhyme/dotfiles.git/'：TLS connect error: error:0A000126:SSL routines::unexpected eof while reading
[master f16474d] auto: 2026-08-08-14:00:01
 1 file changed, 3 insertions(+)
To https://github.com/LanRhyme/dotfiles.git
   16d70e1..f16474d  master -> master
[master 1ebb607] auto: 2026-08-08-16:00:01
 2 files changed, 5 insertions(+), 1 deletion(-)
To https://github.com/LanRhyme/dotfiles.git
   f16474d..1ebb607  master -> master
[master 5b9fb25] auto: 2026-08-08-18:00:01
 1 file changed, 4 insertions(+)
To https://github.com/LanRhyme/dotfiles.git
   1ebb607..5b9fb25  master -> master
[master 0d30f4f] auto: 2026-08-08-19:45:24
 2 files changed, 22 insertions(+), 12 deletions(-)
To https://github.com/LanRhyme/dotfiles.git
   5b9fb25..0d30f4f  master -> master
[master 8da184b] auto: 2026-08-08-20:00:00
 1 file changed, 4 insertions(+)
To https://github.com/LanRhyme/dotfiles.git
   0d30f4f..8da184b  master -> master
chezmoi: /home/lanrhyme/.config/obs-studio/user.ini:84: Detected a Generic API Key, potentially exposing access to various services and sensitive operations.
[master ae90b71] auto: 2026-08-08-20:37:35
 5 files changed, 10 insertions(+), 2 deletions(-)
To https://github.com/LanRhyme/dotfiles.git
   8da184b..ae90b71  master -> master
chezmoi: /home/lanrhyme/.config/obs-studio/user.ini:84: Detected a Generic API Key, potentially exposing access to various services and sensitive operations.
[master ae403c2] auto: 2026-08-08-20:52:02
 3 files changed, 4 insertions(+), 2 deletions(-)
To https://github.com/LanRhyme/dotfiles.git
   7380459..ae403c2  master -> master
[master c135b8e] auto: 2026-08-08-22:00:01
 2 files changed, 8 insertions(+), 4 deletions(-)
致命错误：无法访问 'https://github.com/LanRhyme/dotfiles.git/'：Failed to connect to github.com:443 after 135552 ms: Could not connect to server
[master f41b1c6] auto: 2026-08-09-00:00:01
 3 files changed, 9 insertions(+), 6 deletions(-)
To https://github.com/LanRhyme/dotfiles.git
   ae403c2..f41b1c6  master -> master
[master b48b496] auto: 2026-08-09-12:00:02
 3 files changed, 30 insertions(+), 19 deletions(-)
To https://github.com/LanRhyme/dotfiles.git
   f41b1c6..b48b496  master -> master
[master 1b3fbc7] auto: 2026-08-09-12:33:02
 2 files changed, 6 insertions(+)
To https://github.com/LanRhyme/dotfiles.git
   b48b496..1b3fbc7  master -> master
[master 9ae06c4] auto: 2026-08-09-14:00:02
 1 file changed, 4 insertions(+)
To https://github.com/LanRhyme/dotfiles.git
   1b3fbc7..9ae06c4  master -> master
[master 93bba28] auto: 2026-08-09-16:00:01
 2 files changed, 26 insertions(+), 6 deletions(-)
To https://github.com/LanRhyme/dotfiles.git
   9ae06c4..93bba28  master -> master
[master da3367b] auto: 2026-08-09-18:00:01
 1 file changed, 4 insertions(+)
To https://github.com/LanRhyme/dotfiles.git
   93bba28..da3367b  master -> master
[master 1881403] auto: 2026-08-09-20:00:00
 3 files changed, 9 insertions(+), 3 deletions(-)
To https://github.com/LanRhyme/dotfiles.git
   da3367b..1881403  master -> master
[master 780c864] auto: 2026-08-09-22:00:01
 2 files changed, 5 insertions(+)
To https://github.com/LanRhyme/dotfiles.git
   1881403..780c864  master -> master
[master 4fafe14] auto: 2026-08-10-00:00:02
 5 files changed, 105 insertions(+), 81 deletions(-)
To https://github.com/LanRhyme/dotfiles.git
   780c864..4fafe14  master -> master
[master 7028cd8] auto: 2026-08-10-02:00:00
 1 file changed, 4 insertions(+)
To https://github.com/LanRhyme/dotfiles.git
   4fafe14..7028cd8  master -> master
[master a0db01f] auto: 2026-08-10-20:48:08
 4 files changed, 30 insertions(+), 14 deletions(-)
To https://github.com/LanRhyme/dotfiles.git
   7028cd8..a0db01f  master -> master
[master 45b582c] auto: 2026-08-10-22:00:01
 2 files changed, 5 insertions(+), 1 deletion(-)
To https://github.com/LanRhyme/dotfiles.git
   a0db01f..45b582c  master -> master
[master 4c05792] auto: 2026-08-11-00:00:02
 1 file changed, 4 insertions(+)
To https://github.com/LanRhyme/dotfiles.git
   45b582c..4c05792  master -> master
[master 76c318b] auto: 2026-08-11-02:00:01
 1 file changed, 4 insertions(+)
To https://github.com/LanRhyme/dotfiles.git
   4c05792..76c318b  master -> master
[master 253b007] auto: 2026-08-11-04:00:01
 2 files changed, 20 insertions(+)
To https://github.com/LanRhyme/dotfiles.git
   76c318b..253b007  master -> master
[master 4fc5058] auto: 2026-08-11-06:00:00
 1 file changed, 4 insertions(+)
To https://github.com/LanRhyme/dotfiles.git
   253b007..4fc5058  master -> master
[master a89311b] auto: 2026-08-11-08:00:01
 1 file changed, 4 insertions(+)
To https://github.com/LanRhyme/dotfiles.git
   4fc5058..a89311b  master -> master
[master 9900b9e] auto: 2026-08-11-10:00:01
 1 file changed, 4 insertions(+)
To https://github.com/LanRhyme/dotfiles.git
   a89311b..9900b9e  master -> master
chezmoi: /home/lanrhyme/.config/obs-studio/user.ini:84: Detected a Generic API Key, potentially exposing access to various services and sensitive operations.
[master f59e385] auto: 2026-08-11-12:00:02
 2 files changed, 7 insertions(+), 2 deletions(-)
To https://github.com/LanRhyme/dotfiles.git
   9900b9e..f59e385  master -> master
[master e6c429d] auto: 2026-08-11-14:00:01
 2 files changed, 8 insertions(+), 4 deletions(-)
To https://github.com/LanRhyme/dotfiles.git
   f59e385..e6c429d  master -> master
[master 50a2b84] auto: 2026-08-11-16:00:01
 1 file changed, 4 insertions(+)
To https://github.com/LanRhyme/dotfiles.git
   e6c429d..50a2b84  master -> master
[master 3dcfc9d] auto: 2026-08-11-18:00:01
 1 file changed, 4 insertions(+)
To https://github.com/LanRhyme/dotfiles.git
   50a2b84..3dcfc9d  master -> master
[master f17af8d] auto: 2026-08-11-20:00:01
 1 file changed, 4 insertions(+)
To https://github.com/LanRhyme/dotfiles.git
   3dcfc9d..f17af8d  master -> master
[master c749d5b] auto: 2026-08-11-22:00:02
 1 file changed, 4 insertions(+)
To https://github.com/LanRhyme/dotfiles.git
   f17af8d..c749d5b  master -> master
[master 97ff48e] auto: 2026-08-12-00:00:01
 1 file changed, 4 insertions(+)
To https://github.com/LanRhyme/dotfiles.git
   c749d5b..97ff48e  master -> master
[master 0ba751e] auto: 2026-08-12-02:00:02
 1 file changed, 4 insertions(+)
To https://github.com/LanRhyme/dotfiles.git
   97ff48e..0ba751e  master -> master
[master 30ecd24] auto: 2026-08-12-04:00:02
 1 file changed, 4 insertions(+)
To https://github.com/LanRhyme/dotfiles.git
   0ba751e..30ecd24  master -> master
[master b336efd] auto: 2026-08-12-06:00:01
 1 file changed, 4 insertions(+)
To https://github.com/LanRhyme/dotfiles.git
   30ecd24..b336efd  master -> master
[master 7505980] auto: 2026-08-12-08:00:01
 1 file changed, 4 insertions(+)
To https://github.com/LanRhyme/dotfiles.git
   b336efd..7505980  master -> master
[master 5af71e0] auto: 2026-08-12-10:00:02
 1 file changed, 4 insertions(+)
To https://github.com/LanRhyme/dotfiles.git
   7505980..5af71e0  master -> master
[master 8196883] auto: 2026-08-12-12:00:01
 1 file changed, 4 insertions(+)
To https://github.com/LanRhyme/dotfiles.git
   5af71e0..8196883  master -> master
[master bca6873] auto: 2026-08-12-14:00:01
 1 file changed, 4 insertions(+)
To https://github.com/LanRhyme/dotfiles.git
   8196883..bca6873  master -> master
[master 44430fe] auto: 2026-08-12-16:00:01
 1 file changed, 4 insertions(+)
致命错误：无法访问 'https://github.com/LanRhyme/dotfiles.git/'：OpenSSL SSL_read: OpenSSL/3.6.3: error:0A000126:SSL routines::unexpected eof while reading, errno 0
[master cdc4383] auto: 2026-08-12-18:00:01
 1 file changed, 3 insertions(+)
To https://github.com/LanRhyme/dotfiles.git
   bca6873..cdc4383  master -> master
[master b6a0484] auto: 2026-08-12-20:00:01
 1 file changed, 4 insertions(+)
To https://github.com/LanRhyme/dotfiles.git
   cdc4383..b6a0484  master -> master
[master 23b6c76] auto: 2026-08-12-22:00:01
 1 file changed, 4 insertions(+)
To https://github.com/LanRhyme/dotfiles.git
   b6a0484..23b6c76  master -> master
[master 1d1237f] auto: 2026-08-13-00:00:02
 3 files changed, 131 insertions(+), 1 deletion(-)
To https://github.com/LanRhyme/dotfiles.git
   23b6c76..1d1237f  master -> master
[master d9a25a7] auto: 2026-08-13-02:00:01
 3 files changed, 23 insertions(+), 5 deletions(-)
To https://github.com/LanRhyme/dotfiles.git
   1d1237f..d9a25a7  master -> master
[master 25a5d52] auto: 2026-08-13-04:00:01
 2 files changed, 22 insertions(+)
To https://github.com/LanRhyme/dotfiles.git
   d9a25a7..25a5d52  master -> master
[master 1945857] auto: 2026-08-13-06:00:00
 1 file changed, 4 insertions(+)
错误：RPC 失败。curl 35 TLS connect error: error:0A000126:SSL routines::unexpected eof while reading
send-pack: unexpected disconnect while reading sideband packet
致命错误：远端意外挂断了
Everything up-to-date
[master 1de8d23] auto: 2026-08-13-08:00:01
 1 file changed, 6 insertions(+)
To https://github.com/LanRhyme/dotfiles.git
   25a5d52..1de8d23  master -> master
[master 1f0e383] auto: 2026-08-13-10:00:01
 1 file changed, 4 insertions(+)
致命错误：无法访问 'https://github.com/LanRhyme/dotfiles.git/'：TLS connect error: error:0A000126:SSL routines::unexpected eof while reading
[master 9bec107] auto: 2026-08-13-12:00:02
 2 files changed, 4 insertions(+), 1 deletion(-)
致命错误：无法访问 'https://github.com/LanRhyme/dotfiles.git/'：TLS connect error: error:0A000126:SSL routines::unexpected eof while reading
[master a495292] auto: 2026-08-13-14:00:01
 1 file changed, 3 insertions(+)
致命错误：无法访问 'https://github.com/LanRhyme/dotfiles.git/'：TLS connect error: error:0A000126:SSL routines::unexpected eof while reading
[master 5624521] auto: 2026-08-13-16:00:02
 2 files changed, 9 insertions(+), 1 deletion(-)
错误：RPC 失败。curl 35 TLS connect error: error:0A000126:SSL routines::unexpected eof while reading
send-pack: unexpected disconnect while reading sideband packet
致命错误：远端意外挂断了
Everything up-to-date
[master d96b0c8] auto: 2026-08-13-18:00:02
 1 file changed, 6 insertions(+)
To https://github.com/LanRhyme/dotfiles.git
   1de8d23..d96b0c8  master -> master
[master ad7cf4a] auto: 2026-08-13-20:00:01
 1 file changed, 4 insertions(+)
致命错误：无法访问 'https://github.com/LanRhyme/dotfiles.git/'：TLS connect error: error:0A000126:SSL routines::unexpected eof while reading
[master a91bf3f] auto: 2026-08-13-20:43:27
 6 files changed, 34 insertions(+), 11 deletions(-)
 create mode 100644 dot_local/bin/executable_pideck
 create mode 100644 dot_local/share/applications/pideck.desktop
 create mode 100644 dot_local/share/icons/pideck.png
To https://github.com/LanRhyme/dotfiles.git
   d96b0c8..a91bf3f  master -> master
[master 3a6d5cb] auto: 2026-08-13-20:48:03
 2 files changed, 19 insertions(+)
To https://github.com/LanRhyme/dotfiles.git
   a91bf3f..3a6d5cb  master -> master
[master 9ac893f] auto: 2026-08-13-20:48:40
 4 files changed, 4 insertions(+), 15 deletions(-)
 delete mode 100644 dot_local/bin/executable_pideck
 delete mode 100644 dot_local/share/applications/pideck.desktop
 delete mode 100644 dot_local/share/icons/pideck.png
To https://github.com/LanRhyme/dotfiles.git
   3a6d5cb..9ac893f  master -> master
[master b1125c0] auto: 2026-08-13-20:49:02
 2 files changed, 11 insertions(+), 11 deletions(-)
To https://github.com/LanRhyme/dotfiles.git
   9ac893f..b1125c0  master -> master
[master f19e1c0] auto: 2026-08-13-22:00:01
 2 files changed, 5 insertions(+)
致命错误：无法访问 'https://github.com/LanRhyme/dotfiles.git/'：TLS connect error: error:0A000126:SSL routines::unexpected eof while reading
[master 7448721] auto: 2026-08-14-00:00:01
 1 file changed, 3 insertions(+)
To https://github.com/LanRhyme/dotfiles.git
   b1125c0..7448721  master -> master
[master 2127d40] auto: 2026-08-14-02:00:01
 1 file changed, 4 insertions(+)
To https://github.com/LanRhyme/dotfiles.git
   7448721..2127d40  master -> master
[master 5e1e705] auto: 2026-08-14-04:00:01
 1 file changed, 4 insertions(+)
To https://github.com/LanRhyme/dotfiles.git
   2127d40..5e1e705  master -> master
[master 72871ee] auto: 2026-08-14-06:00:04
 1 file changed, 4 insertions(+)
To https://github.com/LanRhyme/dotfiles.git
   5e1e705..72871ee  master -> master
[master 39e5b5b] auto: 2026-08-14-08:00:01
 1 file changed, 4 insertions(+)
To https://github.com/LanRhyme/dotfiles.git
   72871ee..39e5b5b  master -> master
[master 3e84219] auto: 2026-08-14-10:00:01
 1 file changed, 4 insertions(+)
To https://github.com/LanRhyme/dotfiles.git
   39e5b5b..3e84219  master -> master
[master 74da617] auto: 2026-08-14-12:00:02
 1 file changed, 4 insertions(+)
To https://github.com/LanRhyme/dotfiles.git
   3e84219..74da617  master -> master
[master effd29b] auto: 2026-08-14-14:00:01
 2 files changed, 7 insertions(+)
To https://github.com/LanRhyme/dotfiles.git
   74da617..effd29b  master -> master
[master b2f203d] auto: 2026-08-14-16:00:00
 1 file changed, 4 insertions(+)
To https://github.com/LanRhyme/dotfiles.git
   effd29b..b2f203d  master -> master
[master e139eb0] auto: 2026-08-14-18:00:00
 1 file changed, 4 insertions(+)
To https://github.com/LanRhyme/dotfiles.git
   b2f203d..e139eb0  master -> master
[master 78c41c8] auto: 2026-08-14-20:00:01
 3 files changed, 6 insertions(+), 1 deletion(-)
To https://github.com/LanRhyme/dotfiles.git
   e139eb0..78c41c8  master -> master
[master 7ac28bb] auto: 2026-08-14-22:00:02
 1 file changed, 4 insertions(+)
To https://github.com/LanRhyme/dotfiles.git
   78c41c8..7ac28bb  master -> master
[master e4d1f91] auto: 2026-08-15-00:00:01
 2 files changed, 79 insertions(+), 75 deletions(-)
To https://github.com/LanRhyme/dotfiles.git
   7ac28bb..e4d1f91  master -> master
[master 4f73320] auto: 2026-08-15-02:00:01
 1 file changed, 4 insertions(+)
To https://github.com/LanRhyme/dotfiles.git
   e4d1f91..4f73320  master -> master
[master ac0db86] auto: 2026-08-15-14:00:01
 14 files changed, 241 insertions(+), 237 deletions(-)
致命错误：无法访问 'https://github.com/LanRhyme/dotfiles.git/'：TLS connect error: error:0A000126:SSL routines::unexpected eof while reading
[master 2a65423] auto: 2026-08-15-16:00:01
 1 file changed, 3 insertions(+)
致命错误：无法访问 'https://github.com/LanRhyme/dotfiles.git/'：TLS connect error: error:0A000126:SSL routines::unexpected eof while reading
[master c170500] auto: 2026-08-15-18:00:00
 2 files changed, 76 insertions(+), 73 deletions(-)
To https://github.com/LanRhyme/dotfiles.git
   4f73320..c170500  master -> master
[master 859bd25] auto: 2026-08-15-20:00:00
 2 files changed, 5 insertions(+), 1 deletion(-)
To https://github.com/LanRhyme/dotfiles.git
   c170500..859bd25  master -> master
[master f306aa3] auto: 2026-08-15-22:00:00
 2 files changed, 7 insertions(+), 1 deletion(-)
To https://github.com/LanRhyme/dotfiles.git
   859bd25..f306aa3  master -> master
[master 730383b] auto: 2026-08-16-00:00:01
 3 files changed, 86 insertions(+), 73 deletions(-)
To https://github.com/LanRhyme/dotfiles.git
   f306aa3..730383b  master -> master
[master cb0e076] auto: 2026-08-16-10:00:02
 3 files changed, 6 insertions(+)
致命错误：无法访问 'https://github.com/LanRhyme/dotfiles.git/'：Failed to connect to github.com:443 after 136255 ms: Could not connect to server
[master 5e1a6be] auto: 2026-08-16-12:00:00
 1 file changed, 3 insertions(+)
致命错误：could not read Username for 'https://github.com': 没有那个设备或地址
[master 56eba4c] auto: 2026-08-16-14:00:01
 2 files changed, 5 insertions(+)
To https://github.com/LanRhyme/dotfiles.git
   730383b..56eba4c  master -> master
[master 79b238d] auto: 2026-08-16-14:58:20
 3 files changed, 7 insertions(+), 3 deletions(-)
To https://github.com/LanRhyme/dotfiles.git
   56eba4c..79b238d  master -> master
[master 6c4e4aa] auto: 2026-08-16-15:03:10
 4 files changed, 7 insertions(+), 2 deletions(-)
To https://github.com/LanRhyme/dotfiles.git
   79b238d..6c4e4aa  master -> master
[master d20bf9a] auto: 2026-08-16-15:04:43
 4 files changed, 7 insertions(+), 3 deletions(-)
To https://github.com/LanRhyme/dotfiles.git
   6c4e4aa..d20bf9a  master -> master
[master f0cbe89] auto: 2026-08-16-16:00:02
 2 files changed, 5 insertions(+), 1 deletion(-)
To https://github.com/LanRhyme/dotfiles.git
   d20bf9a..f0cbe89  master -> master
[master f374081] auto: 2026-08-16-18:00:01
 2 files changed, 5 insertions(+)
To https://github.com/LanRhyme/dotfiles.git
   f0cbe89..f374081  master -> master
[master ac856a9] auto: 2026-08-16-20:00:01
 1 file changed, 4 insertions(+)
To https://github.com/LanRhyme/dotfiles.git
   f374081..ac856a9  master -> master
[master b2c867e] auto: 2026-08-16-22:00:00
 2 files changed, 6 insertions(+), 2 deletions(-)
To https://github.com/LanRhyme/dotfiles.git
   ac856a9..b2c867e  master -> master
[master 53b16da] auto: 2026-08-17-00:00:01
 4 files changed, 109 insertions(+), 97 deletions(-)
致命错误：无法访问 'https://github.com/LanRhyme/dotfiles.git/'：TLS connect error: error:0A000126:SSL routines::unexpected eof while reading
[master 42fd846] auto: 2026-08-17-10:00:02
 2 files changed, 6 insertions(+)
To https://github.com/LanRhyme/dotfiles.git
   b2c867e..42fd846  master -> master
[master 26fd633] auto: 2026-08-17-12:00:02
 2 files changed, 6 insertions(+), 2 deletions(-)
致命错误：无法访问 'https://github.com/LanRhyme/dotfiles.git/'：Recv failure: 连接被对方重置
[master 57c7c64] auto: 2026-08-17-14:00:01
 2 files changed, 13 insertions(+), 1 deletion(-)
致命错误：无法访问 'https://github.com/LanRhyme/dotfiles.git/'：TLS connect error: error:0A000126:SSL routines::unexpected eof while reading
[master b4caaa5] auto: 2026-08-17-18:00:02
 1 file changed, 3 insertions(+)
To https://github.com/LanRhyme/dotfiles.git
   42fd846..b4caaa5  master -> master
[master 5e3b7e0] auto: 2026-08-17-20:00:00
 1 file changed, 4 insertions(+)
To https://github.com/LanRhyme/dotfiles.git
   b4caaa5..5e3b7e0  master -> master
[master e4df77f] auto: 2026-08-17-22:00:01
 2 files changed, 5 insertions(+), 1 deletion(-)
致命错误：无法访问 'https://github.com/LanRhyme/dotfiles.git/'：TLS connect error: error:0A000126:SSL routines::unexpected eof while reading
[master 4c63660] auto: 2026-08-18-00:00:01
 2 files changed, 4 insertions(+), 1 deletion(-)
错误：RPC 失败。curl 35 TLS connect error: error:0A000126:SSL routines::unexpected eof while reading
send-pack: unexpected disconnect while reading sideband packet
致命错误：远端意外挂断了
Everything up-to-date
[master 6cd52ec] auto: 2026-08-18-10:00:02
 2 files changed, 17 insertions(+), 1 deletion(-)
致命错误：无法访问 'https://github.com/LanRhyme/dotfiles.git/'：Recv failure: 连接被对方重置
[master 5498c34] auto: 2026-08-18-12:00:09
 1 file changed, 3 insertions(+)
致命错误：could not read Username for 'https://github.com': 没有那个设备或地址
[master c1b191c] auto: 2026-08-18-14:00:02
 2 files changed, 4 insertions(+), 1 deletion(-)
To https://github.com/LanRhyme/dotfiles.git
   5e3b7e0..c1b191c  master -> master
[master 2d63bfb] auto: 2026-08-18-16:00:02
 1 file changed, 4 insertions(+)
To https://github.com/LanRhyme/dotfiles.git
   c1b191c..2d63bfb  master -> master
[master 9d1b086] auto: 2026-08-18-18:00:00
 1 file changed, 4 insertions(+)
To https://github.com/LanRhyme/dotfiles.git
   2d63bfb..9d1b086  master -> master
[master e4fda27] auto: 2026-08-18-20:00:00
 1 file changed, 4 insertions(+)
To https://github.com/LanRhyme/dotfiles.git
   9d1b086..e4fda27  master -> master
[master ae499fc] auto: 2026-08-18-22:00:00
 1 file changed, 4 insertions(+)
To https://github.com/LanRhyme/dotfiles.git
   e4fda27..ae499fc  master -> master
[master ac7b06a] auto: 2026-08-19-00:00:00
 2 files changed, 6 insertions(+)
To https://github.com/LanRhyme/dotfiles.git
   ae499fc..ac7b06a  master -> master
[master 3acfe7b] auto: 2026-08-19-10:00:01
 2 files changed, 6 insertions(+), 2 deletions(-)
To https://github.com/LanRhyme/dotfiles.git
   ac7b06a..3acfe7b  master -> master
[master 65506a5] auto: 2026-08-19-12:00:01
 1 file changed, 4 insertions(+)
To https://github.com/LanRhyme/dotfiles.git
   3acfe7b..65506a5  master -> master
[master d2671d4] auto: 2026-08-19-14:00:00
 1 file changed, 4 insertions(+)
致命错误：无法访问 'https://github.com/LanRhyme/dotfiles.git/'：Recv failure: 连接被对方重置
[master dd40072] auto: 2026-08-19-16:00:00
 1 file changed, 3 insertions(+)
To https://github.com/LanRhyme/dotfiles.git
   65506a5..dd40072  master -> master
[master 8c0fc89] auto: 2026-08-19-18:00:02
 1 file changed, 4 insertions(+)
To https://github.com/LanRhyme/dotfiles.git
   dd40072..8c0fc89  master -> master
[master d253137] auto: 2026-08-19-20:00:01
 2 files changed, 14 insertions(+), 8 deletions(-)
To https://github.com/LanRhyme/dotfiles.git
   8c0fc89..d253137  master -> master
[master 9ad50ff] auto: 2026-08-19-22:00:00
 1 file changed, 4 insertions(+)
To https://github.com/LanRhyme/dotfiles.git
   d253137..9ad50ff  master -> master
[master 44732e3] auto: 2026-08-20-00:00:01
 2 files changed, 5 insertions(+)
To https://github.com/LanRhyme/dotfiles.git
   9ad50ff..44732e3  master -> master
[master 37c59f4] auto: 2026-08-20-01:24:25
 22 files changed, 2629 insertions(+), 2 deletions(-)
 create mode 100644 dot_config/noctalia/plugins/micyou/BarWidget.qml
 create mode 100644 dot_config/noctalia/plugins/micyou/ControlCenterWidget.qml
 create mode 100644 dot_config/noctalia/plugins/micyou/Main.qml
 create mode 100644 dot_config/noctalia/plugins/micyou/Panel.qml
 create mode 100644 dot_config/noctalia/plugins/micyou/README.md
 create mode 100644 dot_config/noctalia/plugins/micyou/Settings.qml
 create mode 100644 dot_config/noctalia/plugins/micyou/i18n/en.json
 create mode 100644 dot_config/noctalia/plugins/micyou/i18n/zh-CN.json
 create mode 100644 dot_config/noctalia/plugins/micyou/manifest.json
 create mode 100644 dot_config/noctalia/plugins/micyou/micyou_service.luau
 create mode 100644 dot_config/noctalia/plugins/micyou/panel.luau
 create mode 100644 dot_config/noctalia/plugins/micyou/plugin.toml
 create mode 100644 dot_config/noctalia/plugins/micyou/service.luau
 create mode 100644 dot_config/noctalia/plugins/micyou/shortcut.luau
 create mode 100644 dot_config/noctalia/plugins/micyou/translations/en.json
 create mode 100644 dot_config/noctalia/plugins/micyou/translations/zh-Hans.json
 create mode 100644 dot_config/noctalia/plugins/micyou/widget.luau
To https://github.com/LanRhyme/dotfiles.git
   44732e3..37c59f4  master -> master
[master 0f4d48f] auto: 2026-08-20-01:28:26
 4 files changed, 96 insertions(+), 61 deletions(-)
To https://github.com/LanRhyme/dotfiles.git
   37c59f4..0f4d48f  master -> master
[master 071a8ec] auto: 2026-08-20-01:33:04
 3 files changed, 76 insertions(+), 77 deletions(-)
To https://github.com/LanRhyme/dotfiles.git
   0f4d48f..071a8ec  master -> master
[master a956d2b] auto: 2026-08-20-01:34:52
 3 files changed, 63 insertions(+), 18 deletions(-)
To https://github.com/LanRhyme/dotfiles.git
   071a8ec..a956d2b  master -> master
[master d6bead4] auto: 2026-08-20-01:36:50
 3 files changed, 22 insertions(+), 33 deletions(-)
To https://github.com/LanRhyme/dotfiles.git
   a956d2b..d6bead4  master -> master
[master d12ea3f] auto: 2026-08-20-01:39:40
 2 files changed, 54 insertions(+), 17 deletions(-)
To https://github.com/LanRhyme/dotfiles.git
   d6bead4..d12ea3f  master -> master
[master b5f3a93] auto: 2026-08-20-01:41:31
 2 files changed, 29 insertions(+), 15 deletions(-)
To https://github.com/LanRhyme/dotfiles.git
   d12ea3f..b5f3a93  master -> master
[master 44131e2] auto: 2026-08-20-01:44:06
 10 files changed, 4 insertions(+), 1981 deletions(-)
 delete mode 100644 dot_config/noctalia/plugins/micyou/BarWidget.qml
 delete mode 100644 dot_config/noctalia/plugins/micyou/ControlCenterWidget.qml
 delete mode 100644 dot_config/noctalia/plugins/micyou/Main.qml
 delete mode 100644 dot_config/noctalia/plugins/micyou/Panel.qml
 delete mode 100644 dot_config/noctalia/plugins/micyou/Settings.qml
 delete mode 100644 dot_config/noctalia/plugins/micyou/i18n/en.json
 delete mode 100644 dot_config/noctalia/plugins/micyou/i18n/zh-CN.json
 delete mode 100644 dot_config/noctalia/plugins/micyou/manifest.json
 delete mode 100644 dot_config/noctalia/plugins/micyou/service.luau
To https://github.com/LanRhyme/dotfiles.git
   b5f3a93..44131e2  master -> master
[master 87eb05a] auto: 2026-08-20-01:48:16
 4 files changed, 164 insertions(+), 19 deletions(-)
 create mode 100644 dot_config/noctalia/plugins/micyou/README_zh-cn.md
To https://github.com/LanRhyme/dotfiles.git
   44131e2..87eb05a  master -> master
[master 86e7a87] auto: 2026-08-20-01:51:27
 4 files changed, 59 insertions(+), 6 deletions(-)
 create mode 100644 dot_config/noctalia/plugins/micyou/img/screenshot.png
To https://github.com/LanRhyme/dotfiles.git
   87eb05a..86e7a87  master -> master
[master 89a2061] auto: 2026-08-20-01:54:03
 3 files changed, 32 insertions(+), 31 deletions(-)
To https://github.com/LanRhyme/dotfiles.git
   86e7a87..89a2061  master -> master
[master dc3a579] auto: 2026-08-20-12:00:02
 2 files changed, 5 insertions(+), 1 deletion(-)
To https://github.com/LanRhyme/dotfiles.git
   89a2061..dc3a579  master -> master
[master 67e640e] auto: 2026-08-20-14:00:02
 2 files changed, 5 insertions(+), 1 deletion(-)
To https://github.com/LanRhyme/dotfiles.git
   dc3a579..67e640e  master -> master
[master 52a1b06] auto: 2026-08-20-16:00:00
 1 file changed, 4 insertions(+)
To https://github.com/LanRhyme/dotfiles.git
   67e640e..52a1b06  master -> master
[master 187db36] auto: 2026-08-20-18:00:00
 1 file changed, 4 insertions(+)
To https://github.com/LanRhyme/dotfiles.git
   52a1b06..187db36  master -> master
[master c6e578a] auto: 2026-08-20-20:00:00
 1 file changed, 4 insertions(+)
To https://github.com/LanRhyme/dotfiles.git
   187db36..c6e578a  master -> master
[master 547a344] auto: 2026-08-20-22:00:01
 2 files changed, 5 insertions(+), 1 deletion(-)
To https://github.com/LanRhyme/dotfiles.git
   c6e578a..547a344  master -> master
[master b0185b0] auto: 2026-08-21-00:00:01
 2 files changed, 5 insertions(+)
致命错误：无法访问 'https://github.com/LanRhyme/dotfiles.git/'：TLS connect error: error:0A000126:SSL routines::unexpected eof while reading
[master b0b5fae] auto: 2026-08-21-02:00:01
 1 file changed, 3 insertions(+)
致命错误：无法访问 'https://github.com/LanRhyme/dotfiles.git/'：TLS connect error: error:0A000126:SSL routines::unexpected eof while reading
[master fa85399] auto: 2026-08-21-04:00:00
 1 file changed, 3 insertions(+)
致命错误：无法访问 'https://github.com/LanRhyme/dotfiles.git/'：TLS connect error: error:0A000126:SSL routines::unexpected eof while reading
[master c4d59b4] auto: 2026-08-21-06:00:00
 1 file changed, 3 insertions(+)
To https://github.com/LanRhyme/dotfiles.git
   547a344..c4d59b4  master -> master
[master 652a1b5] auto: 2026-08-21-08:00:00
 1 file changed, 4 insertions(+)
致命错误：无法访问 'https://github.com/LanRhyme/dotfiles.git/'：OpenSSL SSL_read: OpenSSL/3.6.3: error:0A000126:SSL routines::unexpected eof while reading, errno 0
[master 1ee5ac6] auto: 2026-08-21-10:00:01
 1 file changed, 3 insertions(+)
To https://github.com/LanRhyme/dotfiles.git
   c4d59b4..1ee5ac6  master -> master
[master a7fdbee] auto: 2026-08-21-12:00:00
 1 file changed, 4 insertions(+)
To https://github.com/LanRhyme/dotfiles.git
   1ee5ac6..a7fdbee  master -> master
[master 402a7c8] auto: 2026-08-21-16:00:01
 3 files changed, 6 insertions(+)
To https://github.com/LanRhyme/dotfiles.git
   a7fdbee..402a7c8  master -> master
[master 7e60b3d] auto: 2026-08-21-18:00:00
 1 file changed, 4 insertions(+)
To https://github.com/LanRhyme/dotfiles.git
   402a7c8..7e60b3d  master -> master
[master cf184df] auto: 2026-08-21-20:00:00
 1 file changed, 4 insertions(+)
To https://github.com/LanRhyme/dotfiles.git
   7e60b3d..cf184df  master -> master
[master 723db46] auto: 2026-08-21-22:00:01
 1 file changed, 4 insertions(+)
To https://github.com/LanRhyme/dotfiles.git
   cf184df..723db46  master -> master
[master 48260bf] auto: 2026-08-22-00:00:01
 1 file changed, 4 insertions(+)
To https://github.com/LanRhyme/dotfiles.git
   723db46..48260bf  master -> master
[master 15825de] auto: 2026-08-22-12:00:01
 2 files changed, 5 insertions(+)
To https://github.com/LanRhyme/dotfiles.git
   48260bf..15825de  master -> master
[master 62e192d] auto: 2026-08-22-16:00:02
 2 files changed, 97 insertions(+), 291 deletions(-)
To https://github.com/LanRhyme/dotfiles.git
   15825de..62e192d  master -> master
[master dd61c6d] auto: 2026-08-22-18:00:01
 1 file changed, 4 insertions(+)
To https://github.com/LanRhyme/dotfiles.git
   62e192d..dd61c6d  master -> master
[master f4b2bc8] auto: 2026-08-22-20:00:01
 1 file changed, 4 insertions(+)
To https://github.com/LanRhyme/dotfiles.git
   dd61c6d..f4b2bc8  master -> master
[master 2b0988e] auto: 2026-08-22-22:00:01
 1 file changed, 4 insertions(+)
To https://github.com/LanRhyme/dotfiles.git
   f4b2bc8..2b0988e  master -> master
[master 2a02961] auto: 2026-08-23-00:00:01
 1 file changed, 4 insertions(+)
To https://github.com/LanRhyme/dotfiles.git
   2b0988e..2a02961  master -> master
[master a0fc0e3] auto: 2026-08-23-02:00:00
 1 file changed, 4 insertions(+)
致命错误：无法访问 'https://github.com/LanRhyme/dotfiles.git/'：Failed to connect to github.com:443 after 133535 ms: Could not connect to server
[master b57be92] auto: 2026-08-23-04:00:00
 1 file changed, 3 insertions(+)
To https://github.com/LanRhyme/dotfiles.git
   2a02961..b57be92  master -> master
[master 48210af] auto: 2026-08-23-06:00:00
 1 file changed, 4 insertions(+)
致命错误：无法访问 'https://github.com/LanRhyme/dotfiles.git/'：OpenSSL SSL_read: OpenSSL/3.6.3: error:0A000126:SSL routines::unexpected eof while reading, errno 0
[master 8c9db61] auto: 2026-08-23-08:00:01
 1 file changed, 3 insertions(+)
致命错误：无法访问 'https://github.com/LanRhyme/dotfiles.git/'：Failed to connect to github.com:443 after 134710 ms: Could not connect to server
[master e6ab6c9] auto: 2026-08-23-10:00:00
 1 file changed, 3 insertions(+)
To https://github.com/LanRhyme/dotfiles.git
   b57be92..e6ab6c9  master -> master
[master 7c05c0c] auto: 2026-08-23-12:00:00
 1 file changed, 4 insertions(+)
To https://github.com/LanRhyme/dotfiles.git
   e6ab6c9..7c05c0c  master -> master
[master 0cfeebd] auto: 2026-08-23-14:00:00
 1 file changed, 4 insertions(+)
To https://github.com/LanRhyme/dotfiles.git
   7c05c0c..0cfeebd  master -> master
[master 3fc545c] auto: 2026-08-23-16:00:00
 2 files changed, 6 insertions(+), 2 deletions(-)
To https://github.com/LanRhyme/dotfiles.git
   0cfeebd..3fc545c  master -> master
[master 5e9e025] auto: 2026-08-23-18:00:01
 1 file changed, 4 insertions(+)
To https://github.com/LanRhyme/dotfiles.git
   3fc545c..5e9e025  master -> master
[master d606415] auto: 2026-08-23-20:00:00
 1 file changed, 4 insertions(+)
To https://github.com/LanRhyme/dotfiles.git
   5e9e025..d606415  master -> master
[master ff76b9f] auto: 2026-08-23-22:00:02
 2 files changed, 6 insertions(+), 1 deletion(-)
To https://github.com/LanRhyme/dotfiles.git
   d606415..ff76b9f  master -> master
[master 3f592cc] auto: 2026-08-24-00:00:01
 2 files changed, 5 insertions(+), 1 deletion(-)
To https://github.com/LanRhyme/dotfiles.git
   ff76b9f..3f592cc  master -> master
[master 2ff1d53] auto: 2026-08-24-10:00:01
 1 file changed, 4 insertions(+)
To https://github.com/LanRhyme/dotfiles.git
   3f592cc..2ff1d53  master -> master
[master 39507e1] auto: 2026-08-24-14:00:00
 1 file changed, 4 insertions(+)
To https://github.com/LanRhyme/dotfiles.git
   2ff1d53..39507e1  master -> master
[master 05ed561] auto: 2026-08-24-16:00:00
 1 file changed, 4 insertions(+)
To https://github.com/LanRhyme/dotfiles.git
   39507e1..05ed561  master -> master
[master eab9f5c] auto: 2026-08-24-18:00:01
 2 files changed, 5 insertions(+)
To https://github.com/LanRhyme/dotfiles.git
   05ed561..eab9f5c  master -> master
[master 7b0fabb] auto: 2026-08-24-20:00:00
 2 files changed, 5 insertions(+)
To https://github.com/LanRhyme/dotfiles.git
   eab9f5c..7b0fabb  master -> master
[master 984442c] auto: 2026-08-24-22:00:00
 1 file changed, 4 insertions(+)
To https://github.com/LanRhyme/dotfiles.git
   7b0fabb..984442c  master -> master
[master 9fd01c3] auto: 2026-08-25-00:00:01
 2 files changed, 5 insertions(+)
致命错误：无法访问 'https://github.com/LanRhyme/dotfiles.git/'：TLS connect error: error:0A000126:SSL routines::unexpected eof while reading
[master 04b032e] auto: 2026-08-25-02:00:01
 2 files changed, 4 insertions(+)
To https://github.com/LanRhyme/dotfiles.git
   984442c..04b032e  master -> master
[master e766922] auto: 2026-08-25-10:00:01
 1 file changed, 4 insertions(+)
To https://github.com/LanRhyme/dotfiles.git
   04b032e..e766922  master -> master
[master d713bcb] auto: 2026-08-25-12:00:01
 1 file changed, 4 insertions(+)
致命错误：无法访问 'https://github.com/LanRhyme/dotfiles.git/'：OpenSSL SSL_read: OpenSSL/3.6.3: error:0A000126:SSL routines::unexpected eof while reading, errno 0
[master 99df6eb] auto: 2026-08-25-14:00:00
 1 file changed, 3 insertions(+)
错误：RPC 失败。curl 28 Failed to connect to github.com:443 after 136292 ms: Could not connect to server
send-pack: unexpected disconnect while reading sideband packet
致命错误：远端意外挂断了
Everything up-to-date
[master 909fb19] auto: 2026-08-25-16:00:00
 1 file changed, 6 insertions(+)
To https://github.com/LanRhyme/dotfiles.git
   e766922..909fb19  master -> master
[master a77fadd] auto: 2026-08-25-18:00:00
 1 file changed, 4 insertions(+)
To https://github.com/LanRhyme/dotfiles.git
   909fb19..a77fadd  master -> master
[master b95da98] auto: 2026-08-25-20:00:01
 1 file changed, 4 insertions(+)
致命错误：无法访问 'https://github.com/LanRhyme/dotfiles.git/'：TLS connect error: error:0A000126:SSL routines::unexpected eof while reading
[master ba1b26e] auto: 2026-08-25-20:20:02
 2 files changed, 5 insertions(+), 2 deletions(-)
To https://github.com/LanRhyme/dotfiles.git
   a77fadd..ba1b26e  master -> master
[master c351055] auto: 2026-08-25-22:00:01
 3 files changed, 7 insertions(+), 4 deletions(-)
To https://github.com/LanRhyme/dotfiles.git
   ba1b26e..c351055  master -> master
[master 6cc07d6] auto: 2026-08-26-00:00:01
 2 files changed, 6 insertions(+)
To https://github.com/LanRhyme/dotfiles.git
   c351055..6cc07d6  master -> master
[master 0f31b4b] auto: 2026-08-26-12:00:01
 1 file changed, 4 insertions(+)
To https://github.com/LanRhyme/dotfiles.git
   6cc07d6..0f31b4b  master -> master
[master 9a48b87] auto: 2026-08-26-14:00:00
 1 file changed, 4 insertions(+)
To https://github.com/LanRhyme/dotfiles.git
   0f31b4b..9a48b87  master -> master
[master bd1fbaf] auto: 2026-08-26-16:00:01
 1 file changed, 4 insertions(+)
To https://github.com/LanRhyme/dotfiles.git
   9a48b87..bd1fbaf  master -> master
[master 340c180] auto: 2026-08-26-18:00:00
 1 file changed, 4 insertions(+)
To https://github.com/LanRhyme/dotfiles.git
   bd1fbaf..340c180  master -> master
[master 76d4c64] auto: 2026-08-26-20:00:00
 1 file changed, 4 insertions(+)
To https://github.com/LanRhyme/dotfiles.git
   340c180..76d4c64  master -> master
[master 941e5b4] auto: 2026-08-26-22:00:01
 2 files changed, 8 insertions(+)
To https://github.com/LanRhyme/dotfiles.git
   76d4c64..941e5b4  master -> master
[master 0fccea2] auto: 2026-08-27-00:00:02
 2 files changed, 5 insertions(+), 1 deletion(-)
To https://github.com/LanRhyme/dotfiles.git
   941e5b4..0fccea2  master -> master
[master 1ec0d0f] auto: 2026-08-27-02:00:01
 2 files changed, 8 insertions(+), 1 deletion(-)
To https://github.com/LanRhyme/dotfiles.git
   0fccea2..1ec0d0f  master -> master
[master 6e1d88c] auto: 2026-08-27-12:00:01
 2 files changed, 7 insertions(+), 4 deletions(-)
To https://github.com/LanRhyme/dotfiles.git
   1ec0d0f..6e1d88c  master -> master
[master 7405f31] auto: 2026-08-27-14:00:00
 1 file changed, 4 insertions(+)
To https://github.com/LanRhyme/dotfiles.git
   6e1d88c..7405f31  master -> master
[master 4d01277] auto: 2026-08-27-16:00:00
 1 file changed, 4 insertions(+)
To https://github.com/LanRhyme/dotfiles.git
   7405f31..4d01277  master -> master
[master e7d7c2e] auto: 2026-08-27-18:00:00
 1 file changed, 4 insertions(+)
To https://github.com/LanRhyme/dotfiles.git
   4d01277..e7d7c2e  master -> master
[master ce3ab03] auto: 2026-08-27-20:00:00
 1 file changed, 4 insertions(+)
To https://github.com/LanRhyme/dotfiles.git
   e7d7c2e..ce3ab03  master -> master
[master dd37b49] auto: 2026-08-27-22:00:01
 1 file changed, 4 insertions(+)
To https://github.com/LanRhyme/dotfiles.git
   ce3ab03..dd37b49  master -> master
[master c24a5e9] auto: 2026-08-28-00:00:00
 1 file changed, 4 insertions(+)
To https://github.com/LanRhyme/dotfiles.git
   dd37b49..c24a5e9  master -> master
[master 65e1962] auto: 2026-08-28-12:00:01
 1 file changed, 4 insertions(+)
To https://github.com/LanRhyme/dotfiles.git
   c24a5e9..65e1962  master -> master
[master 260bb31] auto: 2026-08-28-12:01:12
 2 files changed, 5 insertions(+)
To https://github.com/LanRhyme/dotfiles.git
   65e1962..260bb31  master -> master
[master 86a22a4] auto: 2026-08-28-12:10:34
 1 file changed, 4 insertions(+)
To https://github.com/LanRhyme/dotfiles.git
   260bb31..86a22a4  master -> master
[master 70e15cb] auto: 2026-08-28-12:49:17
 2 files changed, 5 insertions(+)
To https://github.com/LanRhyme/dotfiles.git
   86a22a4..70e15cb  master -> master
[master 8e51d15] auto: 2026-08-28-13:14:37
 3 files changed, 51 insertions(+)
To https://github.com/LanRhyme/dotfiles.git
   70e15cb..8e51d15  master -> master
[master 551b49a] auto: 2026-08-28-13:28:15
 2 files changed, 4 insertions(+), 43 deletions(-)
To https://github.com/LanRhyme/dotfiles.git
   8e51d15..551b49a  master -> master
[master 2f2c540] auto: 2026-08-28-13:28:28
 2 files changed, 5 insertions(+), 1 deletion(-)
To https://github.com/LanRhyme/dotfiles.git
   551b49a..2f2c540  master -> master
[master 5a588be] auto: 2026-08-28-13:34:55
 2 files changed, 5 insertions(+), 1 deletion(-)
[master 42ced1a] auto: 2026-08-28-13:44:08
 1 file changed, 2 insertions(+)
To https://github.com/LanRhyme/dotfiles.git
   5a588be..42ced1a  master -> master
[master 33a8f92] auto: 2026-08-28-13:47:56
 2 files changed, 5 insertions(+), 1 deletion(-)
[master 03bd21c] auto: 2026-08-28-13:52:33
 2 files changed, 3 insertions(+)
To https://github.com/LanRhyme/dotfiles.git
   42ced1a..03bd21c  master -> master
[master 857e323] auto: 2026-08-28-13:56:07
 1 file changed, 4 insertions(+)
To https://github.com/LanRhyme/dotfiles.git
   03bd21c..857e323  master -> master
[master 19a1bbd] auto: 2026-08-28-14:00:00
 1 file changed, 4 insertions(+)
To https://github.com/LanRhyme/dotfiles.git
   857e323..19a1bbd  master -> master
[master d5a061b] auto: 2026-08-28-14:12:03
 1 file changed, 4 insertions(+)
To https://github.com/LanRhyme/dotfiles.git
   19a1bbd..d5a061b  master -> master
[master 2e35743] auto: 2026-08-28-14:20:10
 2 files changed, 5 insertions(+), 1 deletion(-)
To https://github.com/LanRhyme/dotfiles.git
   d5a061b..2e35743  master -> master
[master bbbe487] auto: 2026-08-28-14:40:49
 13 files changed, 295 insertions(+)
 create mode 100644 dot_config/hypr/animations.conf
 create mode 100644 dot_config/hypr/appearance.conf
 create mode 100644 dot_config/hypr/autostart.conf
 create mode 100644 dot_config/hypr/colors.conf
 create mode 100644 dot_config/hypr/env.conf
 create mode 100644 dot_config/hypr/hyprland.conf
 create mode 100644 dot_config/hypr/input.conf
 create mode 100644 dot_config/hypr/keybinds.conf
 create mode 100644 dot_config/hypr/monitors.conf
 create mode 100644 dot_config/hypr/rules.conf
To https://github.com/LanRhyme/dotfiles.git
   2e35743..bbbe487  master -> master
[master 57ff42e] auto: 2026-08-28-14:47:06
 5 files changed, 35 insertions(+), 34 deletions(-)
To https://github.com/LanRhyme/dotfiles.git
   bbbe487..57ff42e  master -> master
[master cf3d3ab] auto: 2026-08-28-14:51:57
 2 files changed, 6 insertions(+)
To https://github.com/LanRhyme/dotfiles.git
   57ff42e..cf3d3ab  master -> master
[master 2a89077] auto: 2026-08-28-14:54:52
 1 file changed, 4 insertions(+)
To https://github.com/LanRhyme/dotfiles.git
   cf3d3ab..2a89077  master -> master
[master c446e12] auto: 2026-08-28-14:57:51
 2 files changed, 7 insertions(+), 1 deletion(-)
To https://github.com/LanRhyme/dotfiles.git
   2a89077..c446e12  master -> master
[master 7fc6fc3] auto: 2026-08-28-15:12:24
 5 files changed, 22 insertions(+), 1 deletion(-)
 create mode 100644 dot_config/hypr/plugins.conf
To https://github.com/LanRhyme/dotfiles.git
   c446e12..7fc6fc3  master -> master
[master 2f81aaa] auto: 2026-08-28-15:12:52
 2 files changed, 6 insertions(+), 1 deletion(-)
To https://github.com/LanRhyme/dotfiles.git
   7fc6fc3..2f81aaa  master -> master
[master ab25744] auto: 2026-08-28-15:18:00
 5 files changed, 11 insertions(+), 4 deletions(-)
To https://github.com/LanRhyme/dotfiles.git
   2f81aaa..ab25744  master -> master
[master 2ec00e4] auto: 2026-08-28-15:21:26
 6 files changed, 34 insertions(+), 16 deletions(-)
To https://github.com/LanRhyme/dotfiles.git
   ab25744..2ec00e4  master -> master
[master dc3d4cd] auto: 2026-08-28-15:24:23
 2 files changed, 6 insertions(+), 2 deletions(-)
To https://github.com/LanRhyme/dotfiles.git
   2ec00e4..dc3d4cd  master -> master
[master f72b0f2] auto: 2026-08-28-15:49:53
 2 files changed, 8 insertions(+)
To https://github.com/LanRhyme/dotfiles.git
   dc3d4cd..f72b0f2  master -> master
[master e43fc7d] auto: 2026-08-28-16:00:00
 1 file changed, 4 insertions(+)
To https://github.com/LanRhyme/dotfiles.git
   f72b0f2..e43fc7d  master -> master
[master 6eb7880] auto: 2026-08-28-18:00:01
 1 file changed, 4 insertions(+)
To https://github.com/LanRhyme/dotfiles.git
   e43fc7d..6eb7880  master -> master
[master 69a41af] auto: 2026-08-28-20:00:01
 1 file changed, 4 insertions(+)
致命错误：无法访问 'https://github.com/LanRhyme/dotfiles.git/'：OpenSSL SSL_read: OpenSSL/3.6.3: error:0A000126:SSL routines::unexpected eof while reading, errno 0
[master 7b011c9] auto: 2026-08-28-22:00:00
 1 file changed, 3 insertions(+)
To https://github.com/LanRhyme/dotfiles.git
   6eb7880..7b011c9  master -> master
[master def6904] auto: 2026-08-29-00:00:02
 1 file changed, 4 insertions(+)
To https://github.com/LanRhyme/dotfiles.git
   7b011c9..def6904  master -> master
[master a73391c] auto: 2026-08-29-14:00:01
 2 files changed, 4 insertions(+), 44 deletions(-)
To https://github.com/LanRhyme/dotfiles.git
   def6904..a73391c  master -> master
[master 65f2fea] auto: 2026-08-29-16:00:00
 1 file changed, 4 insertions(+)
To https://github.com/LanRhyme/dotfiles.git
   a73391c..65f2fea  master -> master
[master 3138d27] auto: 2026-08-29-18:00:00
 1 file changed, 4 insertions(+)
To https://github.com/LanRhyme/dotfiles.git
   65f2fea..3138d27  master -> master
[master 8c67369] auto: 2026-08-29-20:00:01
 1 file changed, 4 insertions(+)
To https://github.com/LanRhyme/dotfiles.git
   3138d27..8c67369  master -> master
[master a103c93] auto: 2026-08-29-22:00:00
 1 file changed, 4 insertions(+)
To https://github.com/LanRhyme/dotfiles.git
   8c67369..a103c93  master -> master
[master 18b87c7] auto: 2026-08-30-00:00:01
 1 file changed, 4 insertions(+)
To https://github.com/LanRhyme/dotfiles.git
   a103c93..18b87c7  master -> master
[master e7da117] auto: 2026-08-30-02:00:01
 1 file changed, 4 insertions(+)
To https://github.com/LanRhyme/dotfiles.git
   18b87c7..e7da117  master -> master
[master d319ee5] auto: 2026-08-30-04:00:00
 1 file changed, 4 insertions(+)
To https://github.com/LanRhyme/dotfiles.git
   e7da117..d319ee5  master -> master
[master 17c3b6e] auto: 2026-08-30-06:00:00
 1 file changed, 4 insertions(+)
To https://github.com/LanRhyme/dotfiles.git
   d319ee5..17c3b6e  master -> master
[master d1337a4] auto: 2026-08-30-08:00:01
 1 file changed, 4 insertions(+)
To https://github.com/LanRhyme/dotfiles.git
   17c3b6e..d1337a4  master -> master
[master 141cdf7] auto: 2026-08-30-10:00:00
 1 file changed, 4 insertions(+)
To https://github.com/LanRhyme/dotfiles.git
   d1337a4..141cdf7  master -> master
[master 85c5d7a] auto: 2026-08-30-12:00:01
 1 file changed, 4 insertions(+)
To https://github.com/LanRhyme/dotfiles.git
   141cdf7..85c5d7a  master -> master
[master dde4bd5] auto: 2026-08-30-12:07:40
 3 files changed, 17 insertions(+)
To https://github.com/LanRhyme/dotfiles.git
   85c5d7a..dde4bd5  master -> master
[master 9d5cb22] auto: 2026-08-30-14:00:00
 2 files changed, 28 insertions(+)
To https://github.com/LanRhyme/dotfiles.git
   dde4bd5..9d5cb22  master -> master
[master f5d4709] auto: 2026-08-30-16:00:00
 1 file changed, 4 insertions(+)
To https://github.com/LanRhyme/dotfiles.git
   9d5cb22..f5d4709  master -> master
[master 560be36] auto: 2026-08-30-18:00:00
 2 files changed, 10 insertions(+)
致命错误：无法访问 'https://github.com/LanRhyme/dotfiles.git/'：TLS connect error: error:0A000126:SSL routines::unexpected eof while reading
[master 5cfc13c] auto: 2026-08-30-20:00:00
 1 file changed, 3 insertions(+)
To https://github.com/LanRhyme/dotfiles.git
   f5d4709..5cfc13c  master -> master
[master 3b38bbf] auto: 2026-08-30-22:00:01
 1 file changed, 4 insertions(+)
To https://github.com/LanRhyme/dotfiles.git
   5cfc13c..3b38bbf  master -> master
[master 07ebddc] auto: 2026-08-31-00:00:02
 8 files changed, 104 insertions(+), 335 deletions(-)
 delete mode 100644 dot_config/cava/config
 create mode 100644 dot_config/cava/private_config
 delete mode 100644 dot_config/gtk-3.0/gtk.css
 create mode 100644 dot_config/gtk-3.0/private_gtk.css
 delete mode 100644 dot_config/gtk-4.0/gtk.css
 create mode 100644 dot_config/gtk-4.0/private_gtk.css
致命错误：could not read Username for 'https://github.com': 没有那个设备或地址
[master 33b22f3] auto: 2026-08-31-01:27:51
 3 files changed, 46 insertions(+), 2 deletions(-)
致命错误：could not read Username for 'https://github.com': 没有那个设备或地址
[master 921cfb5] auto: 2026-08-31-01:28:08
 1 file changed, 3 insertions(+)
致命错误：could not read Username for 'https://github.com': 没有那个设备或地址
[master e374c6d] auto: 2026-08-31-11:33:50
 7 files changed, 21 insertions(+)
 create mode 100644 dot_config/environment.d/gtk-theme.conf
 create mode 100644 dot_config/environment.d/nvidia.conf
 create mode 100644 dot_config/environment.d/wayland-electron.conf
 create mode 100644 dot_config/environment.d/wayland-qt.conf
致命错误：无法访问 'https://github.com/LanRhyme/dotfiles.git/'：TLS connect error: error:0A000126:SSL routines::unexpected eof while reading
[master 2567594] auto: 2026-08-31-11:57:02
 2 files changed, 13 insertions(+)
To https://github.com/LanRhyme/dotfiles.git
   3b38bbf..2567594  master -> master
[master dba5fc2] auto: 2026-08-31-12:00:00
 1 file changed, 4 insertions(+)
To https://github.com/LanRhyme/dotfiles.git
   2567594..dba5fc2  master -> master
[master 2f8042e] auto: 2026-08-31-12:05:18
 2 files changed, 8 insertions(+), 5 deletions(-)
To https://github.com/LanRhyme/dotfiles.git
   dba5fc2..2f8042e  master -> master
[master a2bc7e0] auto: 2026-08-31-12:08:27
 2 files changed, 9 insertions(+), 4 deletions(-)
To https://github.com/LanRhyme/dotfiles.git
   2f8042e..a2bc7e0  master -> master
[master 57f80d0] auto: 2026-08-31-12:12:52
 2 files changed, 9 insertions(+), 5 deletions(-)
To https://github.com/LanRhyme/dotfiles.git
   a2bc7e0..57f80d0  master -> master
[master 95f26f0] auto: 2026-08-31-12:23:28
 2 files changed, 8 insertions(+), 5 deletions(-)
To https://github.com/LanRhyme/dotfiles.git
   57f80d0..95f26f0  master -> master
[master 513cdcf] auto: 2026-08-31-12:48:27
 2 files changed, 8 insertions(+)
To https://github.com/LanRhyme/dotfiles.git
   95f26f0..513cdcf  master -> master
[master 13e9564] auto: 2026-08-31-14:00:01
 14 files changed, 244 insertions(+), 240 deletions(-)
To https://github.com/LanRhyme/dotfiles.git
   513cdcf..13e9564  master -> master
[master 70a4799] auto: 2026-08-31-16:00:00
 1 file changed, 4 insertions(+)
To https://github.com/LanRhyme/dotfiles.git
   13e9564..70a4799  master -> master
[master ca4bd5e] auto: 2026-08-31-18:00:00
 1 file changed, 4 insertions(+)
To https://github.com/LanRhyme/dotfiles.git
   70a4799..ca4bd5e  master -> master
[master 7095147] auto: 2026-08-31-20:00:00
 1 file changed, 4 insertions(+)
To https://github.com/LanRhyme/dotfiles.git
   ca4bd5e..7095147  master -> master
[master 35e67b4] auto: 2026-08-31-21:18:18
 2 files changed, 8 insertions(+)
To https://github.com/LanRhyme/dotfiles.git
   7095147..35e67b4  master -> master
[master d61489e] auto: 2026-08-31-22:00:00
 1 file changed, 4 insertions(+)
To https://github.com/LanRhyme/dotfiles.git
   35e67b4..d61489e  master -> master
[master 32c3def] auto: 2026-09-01-16:00:02
 1 file changed, 4 insertions(+)
To https://github.com/LanRhyme/dotfiles.git
   d61489e..32c3def  master -> master
[master ecab253] auto: 2026-09-01-18:00:01
 4 files changed, 152 insertions(+), 130 deletions(-)
To https://github.com/LanRhyme/dotfiles.git
   32c3def..ecab253  master -> master
[master e3b2e29] auto: 2026-09-01-20:00:01
 1 file changed, 4 insertions(+)
To https://github.com/LanRhyme/dotfiles.git
   ecab253..e3b2e29  master -> master
[master fa30566] auto: 2026-09-01-22:00:00
 1 file changed, 4 insertions(+)
To https://github.com/LanRhyme/dotfiles.git
   e3b2e29..fa30566  master -> master
[master bbb73d3] auto: 2026-09-02-00:00:02
 1 file changed, 4 insertions(+)
To https://github.com/LanRhyme/dotfiles.git
 ! [remote rejected] master -> master (cannot lock ref 'refs/heads/master': is at bbb73d3d591f9a82152af80ff53d356efed9f39d but expected fa305667061285235ad154f40869fe03dad543cd)
错误：无法推送一些引用到 'https://github.com/LanRhyme/dotfiles.git'
[master 634b947] auto: 2026-09-02-12:00:02
 1 file changed, 5 insertions(+)
To https://github.com/LanRhyme/dotfiles.git
   bbb73d3..634b947  master -> master
[master e5ffc38] auto: 2026-09-02-14:00:00
 1 file changed, 4 insertions(+)
致命错误：无法访问 'https://github.com/LanRhyme/dotfiles.git/'：TLS connect error: error:0A000126:SSL routines::unexpected eof while reading
[master 03cd9f8] auto: 2026-09-02-16:00:00
 2 files changed, 9 insertions(+)
To https://github.com/LanRhyme/dotfiles.git
   634b947..03cd9f8  master -> master
[master 4276fb8] auto: 2026-09-02-18:00:00
 1 file changed, 4 insertions(+)
To https://github.com/LanRhyme/dotfiles.git
   03cd9f8..4276fb8  master -> master
[master f26a3de] auto: 2026-09-02-20:00:00
 2 files changed, 5 insertions(+), 1 deletion(-)
致命错误：无法访问 'https://github.com/LanRhyme/dotfiles.git/'：TLS connect error: error:0A000126:SSL routines::unexpected eof while reading
[master 223bfd3] auto: 2026-09-02-22:00:01
 1 file changed, 3 insertions(+)
To https://github.com/LanRhyme/dotfiles.git
   4276fb8..223bfd3  master -> master
[master 2843aa8] auto: 2026-09-03-00:00:01
 2 files changed, 10 insertions(+), 6 deletions(-)
致命错误：无法访问 'https://github.com/LanRhyme/dotfiles.git/'：TLS connect error: error:0A000126:SSL routines::unexpected eof while reading
[master d334c6d] auto: 2026-09-03-02:00:01
 1 file changed, 3 insertions(+)
To https://github.com/LanRhyme/dotfiles.git
   223bfd3..d334c6d  master -> master
[master fbfbfd3] auto: 2026-09-03-14:00:02
 2 files changed, 5 insertions(+), 1 deletion(-)
To https://github.com/LanRhyme/dotfiles.git
   d334c6d..fbfbfd3  master -> master
[master c0fe1da] auto: 2026-09-03-20:00:01
 1 file changed, 4 insertions(+)
To https://github.com/LanRhyme/dotfiles.git
   fbfbfd3..c0fe1da  master -> master
[master 6980167] auto: 2026-09-03-22:00:01
 1 file changed, 4 insertions(+)
To https://github.com/LanRhyme/dotfiles.git
   c0fe1da..6980167  master -> master
[master c3c8e91] auto: 2026-09-04-12:00:02
 1 file changed, 4 insertions(+)
To https://github.com/LanRhyme/dotfiles.git
   6980167..c3c8e91  master -> master
[master 7460b51] auto: 2026-09-04-14:00:00
 1 file changed, 4 insertions(+)
To https://github.com/LanRhyme/dotfiles.git
   c3c8e91..7460b51  master -> master
[master e632d94] auto: 2026-09-04-16:00:01
 1 file changed, 4 insertions(+)
To https://github.com/LanRhyme/dotfiles.git
   7460b51..e632d94  master -> master
[master 13bfab0] auto: 2026-09-04-18:00:00
 1 file changed, 4 insertions(+)
To https://github.com/LanRhyme/dotfiles.git
   e632d94..13bfab0  master -> master
[master cbdd5e1] auto: 2026-09-04-20:00:00
 1 file changed, 4 insertions(+)
To https://github.com/LanRhyme/dotfiles.git
   13bfab0..cbdd5e1  master -> master
[master 6a0c24f] auto: 2026-09-04-22:00:01
 1 file changed, 4 insertions(+)
To https://github.com/LanRhyme/dotfiles.git
   cbdd5e1..6a0c24f  master -> master
[master 413f33f] auto: 2026-09-05-00:00:01
 1 file changed, 4 insertions(+)
To https://github.com/LanRhyme/dotfiles.git
   6a0c24f..413f33f  master -> master
[master 8fa4d2c] auto: 2026-09-05-14:00:01
 1 file changed, 4 insertions(+)
致命错误：could not read Username for 'https://github.com': 没有那个设备或地址
[master be7de55] auto: 2026-09-05-16:00:00
 1 file changed, 3 insertions(+)
To https://github.com/LanRhyme/dotfiles.git
   413f33f..be7de55  master -> master
[master 28c0fff] auto: 2026-09-05-16:01:43
 1 file changed, 4 insertions(+)
To https://github.com/LanRhyme/dotfiles.git
   be7de55..28c0fff  master -> master
[master cec0ba9] auto: 2026-09-05-16:23:53
 2 files changed, 9 insertions(+), 1 deletion(-)
To https://github.com/LanRhyme/dotfiles.git
   28c0fff..cec0ba9  master -> master
[master 95b331a] auto: 2026-09-05-16:41:57
 2 files changed, 7 insertions(+), 3 deletions(-)
To https://github.com/LanRhyme/dotfiles.git
   cec0ba9..95b331a  master -> master
[master f2f6111] auto: 2026-09-05-16:46:27
 2 files changed, 6 insertions(+), 2 deletions(-)
To https://github.com/LanRhyme/dotfiles.git
   95b331a..f2f6111  master -> master
[master 610d67b] auto: 2026-09-05-16:55:34
 1 file changed, 2 insertions(+), 2 deletions(-)
To https://github.com/LanRhyme/dotfiles.git
   cd8fc5d..610d67b  master -> master
[master 4bd7800] auto: 2026-09-05-20:49:27
 1 file changed, 11 insertions(+)
 create mode 100644 dot_local/share/applications/bilibili-pixel-danmaku.desktop
To https://github.com/LanRhyme/dotfiles.git
   6fd3dba..4bd7800  master -> master
[master 18b48b7] auto: 2026-09-05-22:00:01
 2 files changed, 6 insertions(+), 1 deletion(-)
To https://github.com/LanRhyme/dotfiles.git
   4bd7800..18b48b7  master -> master
chezmoi: /home/lanrhyme/.config/obs-studio/user.ini:85: Detected a potential hardcoded password literal, which may expose account credentials.
[master 8645b09] auto: 2026-09-06-00:00:01
 2 files changed, 7 insertions(+), 2 deletions(-)
To https://github.com/LanRhyme/dotfiles.git
   18b48b7..8645b09  master -> master
[master 37e5519] auto: 2026-09-06-14:00:01
 2 files changed, 21 insertions(+), 13 deletions(-)
To https://github.com/LanRhyme/dotfiles.git
   8645b09..37e5519  master -> master
[master 85c7666] auto: 2026-09-06-16:00:00
 1 file changed, 4 insertions(+)
To https://github.com/LanRhyme/dotfiles.git
   37e5519..85c7666  master -> master
[master d0661ae] auto: 2026-09-06-20:00:01
 1 file changed, 4 insertions(+)
致命错误：无法访问 'https://github.com/LanRhyme/dotfiles.git/'：Failed to connect to github.com:443 after 134614 ms: Could not connect to server
[master d8036ea] auto: 2026-09-06-22:00:00
 1 file changed, 3 insertions(+)
致命错误：无法访问 'https://github.com/LanRhyme/dotfiles.git/'：Recv failure: 连接被对方重置
[master 9af1d83] auto: 2026-09-07-00:00:00
 1 file changed, 3 insertions(+)
致命错误：could not read Username for 'https://github.com': 没有那个设备或地址
[master b4ce8d6] auto: 2026-09-07-12:00:01
 1 file changed, 3 insertions(+)
To https://github.com/LanRhyme/dotfiles.git
   85c7666..b4ce8d6  master -> master
[master 48ac490] auto: 2026-09-07-20:00:02
 1 file changed, 4 insertions(+)
致命错误：could not read Username for 'https://github.com': 没有那个设备或地址
[master 4f41510] auto: 2026-09-07-22:00:01
 1 file changed, 3 insertions(+)
致命错误：无法访问 'https://github.com/LanRhyme/dotfiles.git/'：Failed to connect to github.com:443 after 133704 ms: Could not connect to server
[master af0e902] auto: 2026-09-08-00:00:01
 1 file changed, 3 insertions(+)
致命错误：无法访问 'https://github.com/LanRhyme/dotfiles.git/'：TLS connect error: error:0A000126:SSL routines::unexpected eof while reading
[master 8d663e3] auto: 2026-09-08-10:00:01
 1 file changed, 3 insertions(+)
致命错误：无法访问 'https://github.com/LanRhyme/dotfiles.git/'：OpenSSL SSL_read: OpenSSL/3.6.4: error:0A000126:SSL routines::unexpected eof while reading, errno 0
[master 6a0ec30] auto: 2026-09-08-12:00:00
 1 file changed, 3 insertions(+)
To https://github.com/LanRhyme/dotfiles.git
   b4ce8d6..6a0ec30  master -> master
[master 2c03c66] auto: 2026-09-08-14:00:01
 1 file changed, 4 insertions(+)
To https://github.com/LanRhyme/dotfiles.git
   6a0ec30..2c03c66  master -> master
[master 86d9af6] auto: 2026-09-08-22:00:01
 1 file changed, 4 insertions(+)
panic: runtime error: invalid memory address or nil pointer dereference
[signal SIGSEGV: segmentation violation code=0x1 addr=0x28 pc=0x55589ff8c5c3]

goroutine 8 [running]:
github.com/zalando/go-keyring/secret_service.(*SecretService).handlePrompt(0x1d3173642090, {0x1d31742460f9, 0x22})
	github.com/zalando/go-keyring@v0.2.8/secret_service/secret_service.go:209 +0x4e3
github.com/zalando/go-keyring/secret_service.(*SecretService).Unlock(0x1d3173642090, {0x5558a0c2bf5a, 0x29})
	github.com/zalando/go-keyring@v0.2.8/secret_service/secret_service.go:114 +0x1dd
github.com/zalando/go-keyring.secretServiceProvider.findItem({}, 0x1d3173642090, {0x1d31737ed9e0, 0xd}, {0x1d31737f26d8, 0x8})
	github.com/zalando/go-keyring@v0.2.8/keyring_unix.go:62 +0x105
github.com/zalando/go-keyring.secretServiceProvider.Get({}, {0x1d31737ed9e0, 0xd}, {0x1d31737f26d8, 0x8})
	github.com/zalando/go-keyring@v0.2.8/keyring_unix.go:111 +0x93
github.com/zalando/go-keyring.Get(...)
	github.com/zalando/go-keyring@v0.2.8/keyring.go:39
github.com/cli/cli/v2/internal/keyring.Get.func1()
	github.com/cli/cli/v2/internal/keyring/keyring.go:44 +0x6c
created by github.com/cli/cli/v2/internal/keyring.Get in goroutine 1
	github.com/cli/cli/v2/internal/keyring/keyring.go:42 +0xde
致命错误：could not read Username for 'https://github.com': 没有那个设备或地址
[master 1d073cf] auto: 2026-09-09-12:00:02
 1 file changed, 21 insertions(+)
致命错误：could not read Username for 'https://github.com': 没有那个设备或地址
[master 3a6af4a] auto: 2026-09-09-20:00:01
 1 file changed, 3 insertions(+)
To https://github.com/LanRhyme/dotfiles.git
   2c03c66..3a6af4a  master -> master
[master c1512e4] auto: 2026-09-09-20:29:17
 2 files changed, 16 insertions(+)
To https://github.com/LanRhyme/dotfiles.git
   3a6af4a..c1512e4  master -> master
[master 906c9b2] auto: 2026-09-09-20:42:25
 2 files changed, 11 insertions(+), 4 deletions(-)
To https://github.com/LanRhyme/dotfiles.git
   c1512e4..906c9b2  master -> master
[master d9ab151] auto: 2026-09-09-20:55:10
 2 files changed, 10 insertions(+), 5 deletions(-)
To https://github.com/LanRhyme/dotfiles.git
   906c9b2..d9ab151  master -> master
[master 1fc63b1] auto: 2026-09-09-21:09:17
 2 files changed, 9 insertions(+), 4 deletions(-)
To https://github.com/LanRhyme/dotfiles.git
   d9ab151..1fc63b1  master -> master
[master dbfde08] auto: 2026-09-09-21:19:56
 2 files changed, 13 insertions(+), 1 deletion(-)
To https://github.com/LanRhyme/dotfiles.git
   1fc63b1..dbfde08  master -> master
[master 43e7f3c] auto: 2026-09-09-21:29:02
 2 files changed, 11 insertions(+), 4 deletions(-)
To https://github.com/LanRhyme/dotfiles.git
   dbfde08..43e7f3c  master -> master
[master 5fc8309] auto: 2026-09-09-21:36:05
 2 files changed, 5 insertions(+)
To https://github.com/LanRhyme/dotfiles.git
   43e7f3c..5fc8309  master -> master
[master 769417e] auto: 2026-09-09-22:00:01
 1 file changed, 4 insertions(+)
To https://github.com/LanRhyme/dotfiles.git
   5fc8309..769417e  master -> master
[master 605fc65] auto: 2026-09-10-00:00:01
 2 files changed, 10 insertions(+), 6 deletions(-)
[master 159e994] auto: 2026-09-10-12:00:01
 2 files changed, 27 insertions(+)
To https://github.com/LanRhyme/dotfiles.git
   769417e..159e994  master -> master
[master 1ff0b6c] auto: 2026-09-10-14:00:00
 1 file changed, 4 insertions(+)
To https://github.com/LanRhyme/dotfiles.git
   159e994..1ff0b6c  master -> master
[master 3d65eaf] auto: 2026-09-10-20:00:01
 2 files changed, 5 insertions(+), 1 deletion(-)
致命错误：无法访问 'https://github.com/LanRhyme/dotfiles.git/'：OpenSSL SSL_read: OpenSSL/3.6.4: error:0A000126:SSL routines::unexpected eof while reading, errno 0
[master c50edf3] auto: 2026-09-10-22:00:01
 1 file changed, 3 insertions(+)
To https://github.com/LanRhyme/dotfiles.git
   1ff0b6c..c50edf3  master -> master
[master 92cf9b9] auto: 2026-09-11-12:00:01
 2 files changed, 5 insertions(+), 1 deletion(-)
To https://github.com/LanRhyme/dotfiles.git
   c50edf3..92cf9b9  master -> master
[master 5abd6ec] auto: 2026-09-11-14:00:00
 1 file changed, 4 insertions(+)
To https://github.com/LanRhyme/dotfiles.git
   92cf9b9..5abd6ec  master -> master
[master 69c51ea] auto: 2026-09-11-16:00:00
 1 file changed, 4 insertions(+)
To https://github.com/LanRhyme/dotfiles.git
   5abd6ec..69c51ea  master -> master
[master 30b4587] auto: 2026-09-11-18:00:01
 1 file changed, 4 insertions(+)
To https://github.com/LanRhyme/dotfiles.git
   69c51ea..30b4587  master -> master
[master b228f48] auto: 2026-09-11-20:00:00
 1 file changed, 4 insertions(+)
致命错误：无法访问 'https://github.com/LanRhyme/dotfiles.git/'：TLS connect error: error:0A000126:SSL routines::unexpected eof while reading
[master cd18841] auto: 2026-09-11-22:00:00
 2 files changed, 33 insertions(+), 30 deletions(-)
致命错误：无法访问 'https://github.com/LanRhyme/dotfiles.git/'：Failed to connect to github.com:443 after 133142 ms: Could not connect to server
[master b27f29d] auto: 2026-09-12-10:47:20
 2 files changed, 9 insertions(+)
To https://github.com/LanRhyme/dotfiles.git
   30b4587..b27f29d  master -> master
[master be39232] auto: 2026-09-12-12:00:00
 2 files changed, 100 insertions(+), 190 deletions(-)
To https://github.com/LanRhyme/dotfiles.git
   b27f29d..be39232  master -> master
[master b748aef] auto: 2026-09-12-20:00:01
 2 files changed, 22 insertions(+), 1 deletion(-)
To https://github.com/LanRhyme/dotfiles.git
   be39232..b748aef  master -> master
[master a20755f] auto: 2026-09-12-22:00:00
 1 file changed, 4 insertions(+)
To https://github.com/LanRhyme/dotfiles.git
   b748aef..a20755f  master -> master
[master 16bdb41] auto: 2026-09-12-22:15:40
 2 files changed, 10 insertions(+)
To https://github.com/LanRhyme/dotfiles.git
   a20755f..16bdb41  master -> master
[master 2c3bf5d] auto: 2026-09-12-22:19:42
 3 files changed, 276 insertions(+)
 create mode 100644 dot_local/bin/executable_android-hide-app
To https://github.com/LanRhyme/dotfiles.git
   16bdb41..2c3bf5d  master -> master
[master b3a9395] auto: 2026-09-12-22:20:06
 2 files changed, 6 insertions(+)
To https://github.com/LanRhyme/dotfiles.git
   2c3bf5d..b3a9395  master -> master
[master bdc09aa] auto: 2026-09-12-22:24:19
 2 files changed, 48 insertions(+), 6 deletions(-)
To https://github.com/LanRhyme/dotfiles.git
   b3a9395..bdc09aa  master -> master
[master 69d8350] auto: 2026-09-12-22:26:32
 2 files changed, 24 insertions(+), 23 deletions(-)
To https://github.com/LanRhyme/dotfiles.git
   bdc09aa..69d8350  master -> master
[master e64e779] auto: 2026-09-13-14:00:01
 1 file changed, 4 insertions(+)
To https://github.com/LanRhyme/dotfiles.git
   69d8350..e64e779  master -> master
[master 15d643e] auto: 2026-09-13-16:00:00
 1 file changed, 4 insertions(+)
To https://github.com/LanRhyme/dotfiles.git
   e64e779..15d643e  master -> master
[master 7d3baf7] auto: 2026-09-13-18:00:01
 1 file changed, 4 insertions(+)
To https://github.com/LanRhyme/dotfiles.git
   15d643e..7d3baf7  master -> master
[master 162825c] auto: 2026-09-13-20:00:00
 1 file changed, 4 insertions(+)
To https://github.com/LanRhyme/dotfiles.git
   7d3baf7..162825c  master -> master
[master 357cf18] auto: 2026-09-13-22:00:00
 1 file changed, 4 insertions(+)
To https://github.com/LanRhyme/dotfiles.git
   162825c..357cf18  master -> master
[master b53a5e2] auto: 2026-09-14-00:00:00
 1 file changed, 4 insertions(+)
To https://github.com/LanRhyme/dotfiles.git
   357cf18..b53a5e2  master -> master
[master 1f1a00b] auto: 2026-09-14-00:23:23
 4 files changed, 25 insertions(+)
 create mode 100644 dot_config/systemd/user/dufs.service
To https://github.com/LanRhyme/dotfiles.git
   b53a5e2..1f1a00b  master -> master
[master e0984cb] auto: 2026-09-14-08:40:51
 4 files changed, 20 insertions(+), 1 deletion(-)
 create mode 100644 dot_config/systemd/user/cloudflared-webdav.service
To https://github.com/LanRhyme/dotfiles.git
   1f1a00b..e0984cb  master -> master
[master 5384d9a] auto: 2026-09-14-08:50:38
 5 files changed, 1759 insertions(+)
 create mode 100644 dot_config/dufs/assets/favicon.ico
 create mode 100644 dot_config/dufs/assets/index.css
 create mode 100644 dot_config/dufs/assets/index.html
 create mode 100644 dot_config/dufs/assets/index.js
To https://github.com/LanRhyme/dotfiles.git
   e0984cb..5384d9a  master -> master
[master 4da1342] auto: 2026-09-14-08:53:10
 2 files changed, 625 insertions(+), 1 deletion(-)
To https://github.com/LanRhyme/dotfiles.git
   5384d9a..4da1342  master -> master
[master 1d36d36] auto: 2026-09-14-08:55:25
 3 files changed, 348 insertions(+), 344 deletions(-)
To https://github.com/LanRhyme/dotfiles.git
   4da1342..1d36d36  master -> master
[master 782df77] auto: 2026-09-14-10:00:01
 1 file changed, 4 insertions(+)
To https://github.com/LanRhyme/dotfiles.git
   1d36d36..782df77  master -> master
[master 99b3263] auto: 2026-09-14-12:00:00
 1 file changed, 4 insertions(+)
致命错误：无法访问 'https://github.com/LanRhyme/dotfiles.git/'：Failed to connect to github.com:443 after 133917 ms: Could not connect to server
[master ea4cf17] auto: 2026-09-14-13:19:11
 2 files changed, 4 insertions(+), 1 deletion(-)
To https://github.com/LanRhyme/dotfiles.git
   782df77..ea4cf17  master -> master
[master 8fd6730] auto: 2026-09-14-14:00:01
 1 file changed, 4 insertions(+)
To https://github.com/LanRhyme/dotfiles.git
   ea4cf17..8fd6730  master -> master
[master 6162b04] auto: 2026-09-14-16:00:01
 1 file changed, 4 insertions(+)
To https://github.com/LanRhyme/dotfiles.git
   8fd6730..6162b04  master -> master
[master 8e13c27] auto: 2026-09-14-18:00:01
 1 file changed, 4 insertions(+)
To https://github.com/LanRhyme/dotfiles.git
   6162b04..8e13c27  master -> master
[master 106b3d0] auto: 2026-09-14-20:00:00
 1 file changed, 4 insertions(+)
To https://github.com/LanRhyme/dotfiles.git
   8e13c27..106b3d0  master -> master
[master 3b010d7] auto: 2026-09-14-22:00:02
 2 files changed, 14 insertions(+), 5 deletions(-)
To https://github.com/LanRhyme/dotfiles.git
   106b3d0..3b010d7  master -> master
[master 062e12f] auto: 2026-09-14-23:01:36
 3 files changed, 18 insertions(+), 10 deletions(-)
To https://github.com/LanRhyme/dotfiles.git
   3b010d7..062e12f  master -> master
[master 755eabb] auto: 2026-10-02-15:26:01
 1 file changed, 3 insertions(+), 2 deletions(-)
To github.com:yuzu-1012/dotfiles.git
   f3d9176..755eabb  master -> master
